Workbook

Sheet 彙總統計
A1: 四大會計師事務所 執業會計師人數彙總
A2: 資料來源：中華民國會計師公會全國聯合會「執業入會查詢－全國聯合會」(https://www.roccpa.org.tw/member_search/)
A3: 擷取日期：2026-09-10 範圍：查詢狀態為「可執業」之執業登記會計師，共 498 位
A5: 事務所 | B5: 台北總所 | C5: 桃園分所 | D5: 新竹分所 | E5: 台中分所 | F5: 台南分所 | G5: 高雄分所 | H5: 合計
A6: Deloitte 勤業眾信 | B6: =COUNTIFS(全部名單!$B$2:$B$499,"勤業眾信聯合會計師事務所",全部名單!$E$2:$E$499,"台北總所") | C6: =COUNTIFS(全部名單!$B$2:$B$499,"勤業眾信聯合會計師事務所",全部名單!$E$2:$E$499,"桃園分所") | D6: =COUNTIFS(全部名單!$B$2:$B$499,"勤業眾信聯合會計師事務所",全部名單!$E$2:$E$499,"新竹分所") | E6: =COUNTIFS(全部名單!$B$2:$B$499,"勤業眾信聯合會計師事務所",全部名單!$E$2:$E$499,"台中分所") | F6: =COUNTIFS(全部名單!$B$2:$B$499,"勤業眾信聯合會計師事務所",全部名單!$E$2:$E$499,"台南分所") | G6: =COUNTIFS(全部名單!$B$2:$B$499,"勤業眾信聯合會計師事務所",全部名單!$E$2:$E$499,"高雄分所") | H6: =SUM(B6:G6)
A7: PwC 資誠 | B7: =COUNTIFS(全部名單!$B$2:$B$499,"資誠聯合會計師事務所",全部名單!$E$2:$E$499,"台北總所") | C7: =COUNTIFS(全部名單!$B$2:$B$499,"資誠聯合會計師事務所",全部名單!$E$2:$E$499,"桃園分所") | D7: =COUNTIFS(全部名單!$B$2:$B$499,"資誠聯合會計師事務所",全部名單!$E$2:$E$499,"新竹分所") | E7: =COUNTIFS(全部名單!$B$2:$B$499,"資誠聯合會計師事務所",全部名單!$E$2:$E$499,"台中分所") | F7: =COUNTIFS(全部名單!$B$2:$B$499,"資誠聯合會計師事務所",全部名單!$E$2:$E$499,"台南分所") | G7: =COUNTIFS(全部名單!$B$2:$B$499,"資誠聯合會計師事務所",全部名單!$E$2:$E$499,"高雄分所") | H7: =SUM(B7:G7)
A8: KPMG 安侯建業 | B8: =COUNTIFS(全部名單!$B$2:$B$499,"安侯建業聯合會計師事務所",全部名單!$E$2:$E$499,"台北總所") | C8: =COUNTIFS(全部名單!$B$2:$B$499,"安侯建業聯合會計師事務所",全部名單!$E$2:$E$499,"桃園分所") | D8: =COUNTIFS(全部名單!$B$2:$B$499,"安侯建業聯合會計師事務所",全部名單!$E$2:$E$499,"新竹分所") | E8: =COUNTIFS(全部名單!$B$2:$B$499,"安侯建業聯合會計師事務所",全部名單!$E$2:$E$499,"台中分所") | F8: =COUNTIFS(全部名單!$B$2:$B$499,"安侯建業聯合會計師事務所",全部名單!$E$2:$E$499,"台南分所") | G8: =COUNTIFS(全部名單!$B$2:$B$499,"安侯建業聯合會計師事務所",全部名單!$E$2:$E$499,"高雄分所") | H8: =SUM(B8:G8)
A9: EY 安永 | B9: =COUNTIFS(全部名單!$B$2:$B$499,"安永聯合會計師事務所",全部名單!$E$2:$E$499,"台北總所") | C9: =COUNTIFS(全部名單!$B$2:$B$499,"安永聯合會計師事務所",全部名單!$E$2:$E$499,"桃園分所") | D9: =COUNTIFS(全部名單!$B$2:$B$499,"安永聯合會計師事務所",全部名單!$E$2:$E$499,"新竹分所") | E9: =COUNTIFS(全部名單!$B$2:$B$499,"安永聯合會計師事務所",全部名單!$E$2:$E$499,"台中分所") | F9: =COUNTIFS(全部名單!$B$2:$B$499,"安永聯合會計師事務所",全部名單!$E$2:$E$499,"台南分所") | G9: =COUNTIFS(全部名單!$B$2:$B$499,"安永聯合會計師事務所",全部名單!$E$2:$E$499,"高雄分所") | H9: =SUM(B9:G9)
A10: 合計 | B10: =SUM(B6:B9) | C10: =SUM(C6:C9) | D10: =SUM(D6:D9) | E10: =SUM(E6:E9) | F10: =SUM(F6:F9) | G10: =SUM(G6:G9) | H10: =SUM(H6:H9)
A12: 欄位說明
A13: 1. 「所屬分所」係依網站「分事務所地址」欄位之縣市自動歸類；該欄位空白者歸為「台北總所」（即主事務所所在地）。
A14: 2. 「辦公室地址」＝有分事務所地址者取分事務所地址，否則取主事務所地址。
A15: 3. 「所屬公會」代碼：北市＝台北市會計師公會、中市＝臺中市會計師公會、高市＝高雄市會計師公會、省＝臺灣省會計師公會。
A16: 4. 本表僅含全國聯合會執業登記名單，未含各地方公會另行登錄但未完成全聯會執業登記者。
A17: 5. 同一會計師若同時登記主事務所與分事務所，網站僅提供一組分事務所地址，故一人僅歸屬一個分所。

Sheet 全部名單
A1: 序號 | B1: 事務所名稱 | C1: 國際品牌 | D1: 會計師姓名 | E1: 所屬分所 | F1: 辦公室地址 | G1: 主事務所地址 | H1: 分事務所地址 | I1: 執業登記日期 | J1: 執業登記文號 | K1: 所屬公會 | L1: 入會日期 | M1: 會籍編號 | N1: 資料最後更新日 | O1: 明細連結
A2: 1 | B2: 勤業眾信聯合會計師事務所 | C2: Deloitte 勤業眾信 | D2: 侯玉燡 | E2: 台北總所 | F2: 台北市信義區松仁路100號20樓 | G2: 台北市信義區松仁路100號20樓 | I2: 110/06/09 | J2: 全聯會一字第1100233 | K2: 北市 | L2: 110/06/09 | M2: 4338 | N2: 2026-06-05 | O2: https://www.roccpa.org.tw/member_search/more?id=3005F4E1-61C5-4100-8FF0-5BF2F667E759
A3: 2 | B3: 勤業眾信聯合會計師事務所 | C3: Deloitte 勤業眾信 | D3: 劉力維 | E3: 台北總所 | F3: 台北市信義區松仁路100號20樓 | G3: 台北市信義區松仁路100號20樓 | I3: 111/06/10 | J3: 全聯會一字第1110221 | K3: 北市 | L3: 111/06/10 | M3: 4433 | N3: 2026-06-05 | O3: https://www.roccpa.org.tw/member_search/more?id=6423F685-3F47-4E0E-A3B1-8DCE4666C896
A4: 3 | B4: 勤業眾信聯合會計師事務所 | C4: Deloitte 勤業眾信 | D4: 劉建良 | E4: 台北總所 | F4: 台北市信義區松仁路100號20樓 | G4: 台北市信義區松仁路100號20樓 | I4: 100/05/25 | J4: 全聯會一字第1000207 | K4: 北市 | L4: 100/06/07 | M4: 3354 | N4: 2026-06-05 | O4: https://www.roccpa.org.tw/member_search/more?id=80DA8D03-FCFC-42D8-A83E-38EA6AF532F3
A5: 4 | B5: 勤業眾信聯合會計師事務所 | C5: Deloitte 勤業眾信 | D5: 劉怡青 | E5: 台北總所 | F5: 台北市信義區松仁路100號20樓 | G5: 台北市信義區松仁路100號20樓 | I5: 110/06/09 | J5: 全聯會一字第1100225 | K5: 北市 | L5: 110/06/09 | M5: 4330 | N5: 2026-06-05 | O5: https://www.roccpa.org.tw/member_search/more?id=D91CD5AA-C9AA-4CD0-86EF-DAA5002E83E3
A6: 5 | B6: 勤業眾信聯合會計師事務所 | C6: Deloitte 勤業眾信 | D6: 劉振宇 | E6: 台北總所 | F6: 台北市信義區松仁路100號20樓 | G6: 台北市信義區松仁路100號20樓 | I6: 115/06/15 | J6: 全聯會一字第1150000289號 | K6: 北市 | L6: 115/06/15 | M6: 4896 | N6: 2026-06-23 | O6: https://www.roccpa.org.tw/member_search/more?id=f982591700b54d4b89e36c33ea8fc556
A7: 6 | B7: 勤業眾信聯合會計師事務所 | C7: Deloitte 勤業眾信 | D7: 劉明賢 | E7: 台北總所 | F7: 台北市信義區松仁路100號20樓 | G7: 台北市信義區松仁路100號20樓 | I7: 110/06/09 | J7: 全聯會一字第1100227 | K7: 北市 | L7: 110/06/09 | M7: 4332 | N7: 2026-06-05 | O7: https://www.roccpa.org.tw/member_search/more?id=DC8924EE-20A9-41B4-9C6B-8A49FE225275
A8: 7 | B8: 勤業眾信聯合會計師事務所 | C8: Deloitte 勤業眾信 | D8: 劉書琳 | E8: 台北總所 | F8: 台北市信義區松仁路100號20樓 | G8: 台北市信義區松仁路100號20樓 | I8: 105/06/01 | J8: 全聯會一字第1050250 | K8: 北市 | L8: 105/06/13 | M8: 3937 | N8: 2026-06-05 | O8: https://www.roccpa.org.tw/member_search/more?id=D11D583E-46D4-4239-993F-6658FF47F152
A9: 8 | B9: 勤業眾信聯合會計師事務所 | C9: Deloitte 勤業眾信 | D9: 劉紋伶 | E9: 台北總所 | F9: 台北市信義區松仁路100號20樓 | G9: 台北市信義區松仁路100號20樓 | I9: 113/06/19 | J9: 全聯會一字第1130000278號 | K9: 北市 | L9: 113/06/19 | M9: 4635 | N9: 2026-06-05 | O9: https://www.roccpa.org.tw/member_search/more?id=ABC7DC62-E5AF-4C2F-ACE1-9D39DB9D0037
A10: 9 | B10: 勤業眾信聯合會計師事務所 | C10: Deloitte 勤業眾信 | D10: 劉紋廷 | E10: 台北總所 | F10: 台北市信義區松仁路100號20樓 | G10: 台北市信義區松仁路100號20樓 | I10: 115/06/15 | J10: 全聯會一字第1150000284號 | K10: 北市 | L10: 115/06/15 | M10: 4901 | N10: 2026-06-23 | O10: https://www.roccpa.org.tw/member_search/more?id=827ae8718493401f9576d5ac9eb5be76
A11: 10 | B11: 勤業眾信聯合會計師事務所 | C11: Deloitte 勤業眾信 | D11: 吳世宗 | E11: 台北總所 | F11: 台北市信義區松仁路100號20樓 | G11: 台北市信義區松仁路100號20樓 | I11: 101/06/04 | J11: 全聯會一字第1010178 | K11: 北市 | L11: 101/06/14 | M11: 3470 | N11: 2026-06-05 | O11: https://www.roccpa.org.tw/member_search/more?id=4BE1AABB-8682-4922-95B3-2FEEBBB5A0DD
A12: 11 | B12: 勤業眾信聯合會計師事務所 | C12: Deloitte 勤業眾信 | D12: 吳怡君 | E12: 台北總所 | F12: 台北市信義區松仁路100號20樓 | G12: 台北市信義區松仁路100號20樓 | K12: 北市 | L12: 093/06/10 | M12: 2661 | N12: 2026-06-05 | O12: https://www.roccpa.org.tw/member_search/more?id=0DC99E99-351F-4F1D-BAED-551C3F32F43D
A13: 12 | B13: 勤業眾信聯合會計師事務所 | C13: Deloitte 勤業眾信 | D13: 吳恪昌 | E13: 台北總所 | F13: 台北市信義區松仁路100號20樓 | G13: 台北市信義區松仁路100號20樓 | I13: 100/05/25 | J13: 全聯會一字第1000210 | K13: 北市 | L13: 100/06/07 | M13: 3357 | N13: 2026-06-05 | O13: https://www.roccpa.org.tw/member_search/more?id=F4BF39AB-F306-4487-AFFC-66B1626B79E4
A14: 13 | B14: 勤業眾信聯合會計師事務所 | C14: Deloitte 勤業眾信 | D14: 吳美慧 | E14: 台北總所 | F14: 台北市信義區松仁路100號20樓 | G14: 台北市信義區松仁路100號20樓 | K14: 北市 | L14: 089/11/13 | M14: 2301 | N14: 2026-06-05 | O14: https://www.roccpa.org.tw/member_search/more?id=E1B90370-7D87-474A-9A11-D7F24C193C45
A15: 14 | B15: 勤業眾信聯合會計師事務所 | C15: Deloitte 勤業眾信 | D15: 吳鈞麟 | E15: 台北總所 | F15: 台北市信義區松仁路100號20樓 | G15: 台北市信義區松仁路100號20樓 | I15: 113/06/19 | J15: 全聯會一字第1130000280號 | K15: 北市 | L15: 113/06/19 | M15: 4637 | N15: 2026-06-05 | O15: https://www.roccpa.org.tw/member_search/more?id=6BB7B9CF-C767-45A3-B123-8BD038D8916E
A16: 15 | B16: 勤業眾信聯合會計師事務所 | C16: Deloitte 勤業眾信 | D16: 呂宜真 | E16: 台北總所 | F16: 台北市信義區松仁路100號20樓 | G16: 台北市信義區松仁路100號20樓 | I16: 108/06/12 | J16: 全聯會一字第1080207 | K16: 北市 | L16: 108/06/12 | M16: 4171 | N16: 2026-06-05 | O16: https://www.roccpa.org.tw/member_search/more?id=F1F0537D-0184-4092-A7C1-E45D63985B2D
A17: 16 | B17: 勤業眾信聯合會計師事務所 | C17: Deloitte 勤業眾信 | D17: 呂相瑩 | E17: 台北總所 | F17: 台北市信義區松仁路100號20樓 | G17: 台北市信義區松仁路100號20樓 | I17: 112/06/08 | J17: 全聯會一字第1120224 | K17: 北市 | L17: 112/06/08 | M17: 4530 | N17: 2026-06-05 | O17: https://www.roccpa.org.tw/member_search/more?id=50490783-E4EC-4921-932A-A645450346E7
A18: 17 | B18: 勤業眾信聯合會計師事務所 | C18: Deloitte 勤業眾信 | D18: 周仕杰 | E18: 台北總所 | F18: 台北市信義區松仁路100號20樓 | G18: 台北市信義區松仁路100號20樓 | I18: 111/06/10 | J18: 全聯會一字第1110217 | K18: 北市 | L18: 111/06/10 | M18: 4429 | N18: 2026-06-05 | O18: https://www.roccpa.org.tw/member_search/more?id=BB7E2A76-0446-4D87-A31D-0535B4848099
A19: 18 | B19: 勤業眾信聯合會計師事務所 | C19: Deloitte 勤業眾信 | D19: 周以隆 | E19: 台北總所 | F19: 台北市信義區松仁路100號20樓 | G19: 台北市信義區松仁路100號20樓 | K19: 北市 | L19: 093/06/10 | M19: 2654 | N19: 2026-06-05 | O19: https://www.roccpa.org.tw/member_search/more?id=BD0A1037-DB4C-436E-95E7-55F395ABBD68
A20: 19 | B20: 勤業眾信聯合會計師事務所 | C20: Deloitte 勤業眾信 | D20: 周正國 | E20: 台北總所 | F20: 台北市信義區松仁路100號20樓 | G20: 台北市信義區松仁路100號20樓 | I20: 115/06/15 | J20: 全聯會一字第1150000285號 | K20: 北市 | L20: 115/06/15 | M20: 4892 | N20: 2026-06-23 | O20: https://www.roccpa.org.tw/member_search/more?id=848f6c9fd2984866a3adab8e1355f8c1
A21: 20 | B21: 勤業眾信聯合會計師事務所 | C21: Deloitte 勤業眾信 | D21: 姚勝雄 | E21: 台北總所 | F21: 台北市信義區松仁路100號20樓 | G21: 台北市信義區松仁路100號20樓 | I21: 101/06/04 | J21: 全聯會一字第1010179 | K21: 北市 | L21: 101/06/14 | M21: 3471 | N21: 2026-06-05 | O21: https://www.roccpa.org.tw/member_search/more?id=A622E5B3-327A-42A0-891F-354E8A10874F
A22: 21 | B22: 勤業眾信聯合會計師事務所 | C22: Deloitte 勤業眾信 | D22: 婁朧允 | E22: 台北總所 | F22: 台北市信義區松仁路100號20樓 | G22: 台北市信義區松仁路100號20樓 | I22: 113/06/19 | J22: 全聯會一字第1130000285號 | K22: 北市 | L22: 113/06/19 | M22: 4642 | N22: 2026-06-05 | O22: https://www.roccpa.org.tw/member_search/more?id=9B7805BC-76BC-4F99-8A1A-5368B4B223B2
A23: 22 | B23: 勤業眾信聯合會計師事務所 | C23: Deloitte 勤業眾信 | D23: 尤志峰 | E23: 台北總所 | F23: 台北市信義區松仁路100號20樓 | G23: 台北市信義區松仁路100號20樓 | I23: 114/06/18 | J23: 全聯會一字第1140000240號 | K23: 北市 | L23: 114/06/18 | M23: 4724 | N23: 2026-06-05 | O23: https://www.roccpa.org.tw/member_search/more?id=92D0AF05-9E8B-4FF9-9AD9-64F0108ABC8A
A24: 23 | B24: 勤業眾信聯合會計師事務所 | C24: Deloitte 勤業眾信 | D24: 尤盟貴 | E24: 台北總所 | F24: 台北市信義區松仁路100號20樓 | G24: 台北市信義區松仁路100號20樓 | I24: 113/09/02 | J24: 全聯會一字第1130000400號 | K24: 北市 | L24: 113/09/02 | M24: 4661 | N24: 2026-06-05 | O24: https://www.roccpa.org.tw/member_search/more?id=D7283C06-29A6-4DE9-BD2A-C2654DC37AD2
A25: 24 | B25: 勤業眾信聯合會計師事務所 | C25: Deloitte 勤業眾信 | D25: 康育榮 | E25: 台北總所 | F25: 台北市信義區松仁路100號20樓 | G25: 台北市信義區松仁路100號20樓 | I25: 115/06/15 | J25: 全聯會一字第1150000290號 | K25: 北市 | L25: 115/06/15 | M25: 4897 | N25: 2026-06-23 | O25: https://www.roccpa.org.tw/member_search/more?id=ee3432266cbd4647b4c8ae07e532fd4c
A26: 25 | B26: 勤業眾信聯合會計師事務所 | C26: Deloitte 勤業眾信 | D26: 廖哲莉 | E26: 台北總所 | F26: 台北市信義區松仁路100號20樓 | G26: 台北市信義區松仁路100號20樓 | K26: 北市 | L26: 089/11/13 | M26: 2298 | N26: 2026-06-05 | O26: https://www.roccpa.org.tw/member_search/more?id=68424988-47BA-499B-8D89-682EE399427A
A27: 26 | B27: 勤業眾信聯合會計師事務所 | C27: Deloitte 勤業眾信 | D27: 廖婉怡 | E27: 台北總所 | F27: 台北市信義區松仁路100號20樓 | G27: 台北市信義區松仁路100號20樓 | I27: 101/06/04 | J27: 全聯會一字第1010177 | K27: 北市 | L27: 101/06/14 | M27: 3469 | N27: 2026-06-05 | O27: https://www.roccpa.org.tw/member_search/more?id=248714FA-65F7-4D17-8EBB-9051D13446E7
A28: 27 | B28: 勤業眾信聯合會計師事務所 | C28: Deloitte 勤業眾信 | D28: 廖家琪 | E28: 台北總所 | F28: 台北市信義區松仁路100號20樓 | G28: 台北市信義區松仁路100號20樓 | I28: 109/06/10 | J28: 全聯會一字第1090221 | K28: 北市 | L28: 109/06/10 | M28: 4260 | N28: 2026-06-05 | O28: https://www.roccpa.org.tw/member_search/more?id=0C2E6CB4-6908-48A4-B8AF-62FF19427403
A29: 28 | B29: 勤業眾信聯合會計師事務所 | C29: Deloitte 勤業眾信 | D29: 張哲彥 | E29: 台北總所 | F29: 台北市信義區松仁路100號20樓 | G29: 台北市信義區松仁路100號20樓 | I29: 115/06/15 | J29: 全聯會一字第1150000293號 | K29: 北市 | L29: 115/06/15 | M29: 4900 | N29: 2026-06-23 | O29: https://www.roccpa.org.tw/member_search/more?id=244567f33ca0441188fcb0095e10c1b5
A30: 29 | B30: 勤業眾信聯合會計師事務所 | C30: Deloitte 勤業眾信 | D30: 張嘉銘 | E30: 台北總所 | F30: 台北市信義區松仁路100號20樓 | G30: 台北市信義區松仁路100號20樓 | I30: 114/06/18 | J30: 全聯會一字第1140000241號 | K30: 北市 | L30: 114/06/18 | M30: 4725 | N30: 2026-06-05 | O30: https://www.roccpa.org.tw/member_search/more?id=B66CD394-A7E3-44D9-AEEF-5397956F2629
A31: 30 | B31: 勤業眾信聯合會計師事務所 | C31: Deloitte 勤業眾信 | D31: 張宗銘 | E31: 台北總所 | F31: 台北市信義區松仁路100號20樓 | G31: 台北市信義區松仁路100號20樓 | I31: 099/05/25 | J31: 全聯會一字第09900258 | K31: 北市 | L31: 099/06/04 | M31: 3231 | N31: 2026-06-05 | O31: https://www.roccpa.org.tw/member_search/more?id=CAA6F87C-AD39-469D-9486-D6863E4F543E
A32: 31 | B32: 勤業眾信聯合會計師事務所 | C32: Deloitte 勤業眾信 | D32: 張正修 | E32: 台北總所 | F32: 台北市信義區松仁路100號20樓 | G32: 台北市信義區松仁路100號20樓 | I32: 112/06/08 | J32: 全聯會一字第1120220 | K32: 北市 | L32: 112/06/08 | M32: 4526 | N32: 2026-06-05 | O32: https://www.roccpa.org.tw/member_search/more?id=99645D90-9683-487D-84D5-B799C9A274E2
A33: 32 | B33: 勤業眾信聯合會計師事務所 | C33: Deloitte 勤業眾信 | D33: 張淳儀 | E33: 台北總所 | F33: 台北市信義區松仁路100號20樓 | G33: 台北市信義區松仁路100號20樓 | K33: 北市 | L33: 088/01/29 | M33: 2129 | N33: 2026-06-05 | O33: https://www.roccpa.org.tw/member_search/more?id=633F0845-4E38-4090-AC51-B1EFB13AA945
A34: 33 | B34: 勤業眾信聯合會計師事務所 | C34: Deloitte 勤業眾信 | D34: 張瑞峰 | E34: 台北總所 | F34: 台北市信義區松仁路100號20樓 | G34: 台北市信義區松仁路100號20樓 | I34: 109/06/10 | J34: 全聯會一字第1090214 | K34: 北市 | L34: 109/06/10 | M34: 4253 | N34: 2026-06-05 | O34: https://www.roccpa.org.tw/member_search/more?id=F0292D2E-E20E-431F-BA8A-5077AD9E089B
A35: 34 | B35: 勤業眾信聯合會計師事務所 | C35: Deloitte 勤業眾信 | D35: 張美卿 | E35: 台北總所 | F35: 台北市信義區松仁路100號20樓 | G35: 台北市信義區松仁路100號20樓 | I35: 115/06/15 | J35: 全聯會一字第1150000287號 | K35: 北市 | L35: 115/06/15 | M35: 4894 | N35: 2026-06-23 | O35: https://www.roccpa.org.tw/member_search/more?id=a778492fdcbf4b7596fd9113b85e0c46
A36: 35 | B36: 勤業眾信聯合會計師事務所 | C36: Deloitte 勤業眾信 | D36: 張耿禧 | E36: 台北總所 | F36: 台北市信義區松仁路100號20樓 | G36: 台北市信義區松仁路100號20樓 | K36: 北市 | L36: 090/01/10 | M36: 2333 | N36: 2026-06-05 | O36: https://www.roccpa.org.tw/member_search/more?id=CFDB2A00-A1C4-432F-8693-4343FC0E35F0
A37: 36 | B37: 勤業眾信聯合會計師事務所 | C37: Deloitte 勤業眾信 | D37: 張至誼 | E37: 台北總所 | F37: 台北市信義區松仁路100號20樓 | G37: 台北市信義區松仁路100號20樓 | I37: 109/03/02 | J37: 全聯會一字第1090088 | K37: 北市 | L37: 109/03/02 | M37: 4227 | N37: 2026-06-05 | O37: https://www.roccpa.org.tw/member_search/more?id=2E125208-F858-4843-8CAD-199D8C7C8927
A38: 37 | B38: 勤業眾信聯合會計師事務所 | C38: Deloitte 勤業眾信 | D38: 張雅涵 | E38: 台北總所 | F38: 台北市信義區松仁路100號20樓 | G38: 台北市信義區松仁路100號20樓 | I38: 115/06/15 | J38: 全聯會一字第1150000286號 | K38: 北市 | L38: 115/06/15 | M38: 4893 | N38: 2026-06-23 | O38: https://www.roccpa.org.tw/member_search/more?id=5c684f9c694145659b6a6faa211ca641
A39: 38 | B39: 勤業眾信聯合會計師事務所 | C39: Deloitte 勤業眾信 | D39: 張青霞 | E39: 台北總所 | F39: 台北市信義區松仁路100號20樓 | G39: 台北市信義區松仁路100號20樓 | I39: 109/06/10 | J39: 全聯會一字第1090212 | K39: 北市 | L39: 109/06/10 | M39: 4251 | N39: 2026-06-05 | O39: https://www.roccpa.org.tw/member_search/more?id=36536DF6-1647-428C-A2C4-830E777C6DFE
A40: 39 | B40: 勤業眾信聯合會計師事務所 | C40: Deloitte 勤業眾信 | D40: 張麗君 | E40: 台北總所 | F40: 台北市信義區松仁路100號20樓 | G40: 台北市信義區松仁路100號20樓 | I40: 110/06/09 | J40: 全聯會一字第1100232 | K40: 北市 | L40: 110/06/09 | M40: 4337 | N40: 2026-06-05 | O40: https://www.roccpa.org.tw/member_search/more?id=1B0BB095-AB84-4022-B1AE-26C30A0FF6F7
A41: 40 | B41: 勤業眾信聯合會計師事務所 | C41: Deloitte 勤業眾信 | D41: 彭以驊 | E41: 台北總所 | F41: 台北市信義區松仁路100號20樓 | G41: 台北市信義區松仁路100號20樓 | I41: 113/06/19 | J41: 全聯會一字第1130000276號 | K41: 北市 | L41: 113/06/19 | M41: 4633 | N41: 2026-06-05 | O41: https://www.roccpa.org.tw/member_search/more?id=FFAA6A97-A8F9-422D-A3DE-BBBE5474CC96
A42: 41 | B42: 勤業眾信聯合會計師事務所 | C42: Deloitte 勤業眾信 | D42: 彭詩玄 | E42: 台北總所 | F42: 台北市信義區松仁路100號20樓 | G42: 台北市信義區松仁路100號20樓 | I42: 113/06/19 | J42: 全聯會一字第1130000277號 | K42: 北市 | L42: 113/06/19 | M42: 4634 | N42: 2026-06-05 | O42: https://www.roccpa.org.tw/member_search/more?id=52FEF518-C483-4496-A6D6-9DF0EA6890CF
A43: 42 | B43: 勤業眾信聯合會計師事務所 | C43: Deloitte 勤業眾信 | D43: 徐曉婷 | E43: 台北總所 | F43: 台北市信義區松仁路100號20樓 | G43: 台北市信義區松仁路100號20樓 | I43: 105/06/01 | J43: 全聯會一字第1050256 | K43: 北市 | L43: 105/06/13 | M43: 3941 | N43: 2026-06-05 | O43: https://www.roccpa.org.tw/member_search/more?id=E3B79120-1085-455F-8DC3-174F37C816B4
A44: 43 | B44: 勤業眾信聯合會計師事務所 | C44: Deloitte 勤業眾信 | D44: 徐有德 | E44: 台北總所 | F44: 台北市信義區松仁路100號20樓 | G44: 台北市信義區松仁路100號20樓 | I44: 109/06/10 | J44: 全聯會一字第1090215 | K44: 北市 | L44: 109/06/10 | M44: 4254 | N44: 2026-06-05 | O44: https://www.roccpa.org.tw/member_search/more?id=D5EBC033-8431-4C5E-89C7-D9DE3B0E8EF0
A45: 44 | B45: 勤業眾信聯合會計師事務所 | C45: Deloitte 勤業眾信 | D45: 徐瑩瑩 | E45: 台北總所 | F45: 台北市信義區松仁路100號20樓 | G45: 台北市信義區松仁路100號20樓 | I45: 100/05/25 | J45: 全聯會一字第1000214 | K45: 北市 | L45: 100/06/07 | M45: 3361 | N45: 2026-06-05 | O45: https://www.roccpa.org.tw/member_search/more?id=6D12F464-D853-4E7F-92BA-CD42493CDD1F
A46: 45 | B46: 勤業眾信聯合會計師事務所 | C46: Deloitte 勤業眾信 | D46: 戴信維 | E46: 台北總所 | F46: 台北市信義區松仁路100號20樓 | G46: 台北市信義區松仁路100號20樓 | K46: 北市 | L46: 093/06/10 | M46: 2657 | N46: 2026-06-05 | O46: https://www.roccpa.org.tw/member_search/more?id=2AC97838-387B-4247-AE6C-6D00E5F1C3F1
A47: 46 | B47: 勤業眾信聯合會計師事務所 | C47: Deloitte 勤業眾信 | D47: 戴群倫 | E47: 台北總所 | F47: 台北市信義區松仁路100號20樓 | G47: 台北市信義區松仁路100號20樓 | I47: 110/06/09 | J47: 全聯會一字第1100234 | K47: 北市 | L47: 110/06/09 | M47: 4339 | N47: 2026-06-05 | O47: https://www.roccpa.org.tw/member_search/more?id=1AABF2DF-74B8-4157-8274-AAE12B32FF4D
A48: 47 | B48: 勤業眾信聯合會計師事務所 | C48: Deloitte 勤業眾信 | D48: 方涵妮 | E48: 台北總所 | F48: 台北市信義區松仁路100號20樓 | G48: 台北市信義區松仁路100號20樓 | I48: 109/06/10 | J48: 全聯會一字第1090213 | K48: 北市 | L48: 109/06/10 | M48: 4252 | N48: 2026-06-05 | O48: https://www.roccpa.org.tw/member_search/more?id=F38FD116-076D-4AA7-8B77-CCBB83766EF2
A49: 48 | B49: 勤業眾信聯合會計師事務所 | C49: Deloitte 勤業眾信 | D49: 施俊弘 | E49: 台北總所 | F49: 台北市信義區松仁路100號20樓 | G49: 台北市信義區松仁路100號20樓 | I49: 111/06/10 | J49: 全聯會一字第1110220 | K49: 北市 | L49: 111/06/10 | M49: 4432 | N49: 2026-06-05 | O49: https://www.roccpa.org.tw/member_search/more?id=4971E519-EABA-4380-91E8-EE81D10AD5D6
A50: 49 | B50: 勤業眾信聯合會計師事務所 | C50: Deloitte 勤業眾信 | D50: 施錦川 | E50: 台北總所 | F50: 台北市信義區松仁路100號20樓 | G50: 台北市信義區松仁路100號20樓 | K50: 北市 | L50: 093/06/10 | M50: 2646 | N50: 2026-06-05 | O50: https://www.roccpa.org.tw/member_search/more?id=3EE54349-E302-4F74-A8B9-9FF9680D001D
A51: 50 | B51: 勤業眾信聯合會計師事務所 | C51: Deloitte 勤業眾信 | D51: 曾建銘 | E51: 台北總所 | F51: 台北市信義區松仁路100號20樓 | G51: 台北市信義區松仁路100號20樓 | I51: 110/06/09 | J51: 全聯會一字第1100223 | K51: 北市 | L51: 110/06/09 | M51: 4328 | N51: 2026-06-05 | O51: https://www.roccpa.org.tw/member_search/more?id=9CD4A4F3-3155-47B2-9300-457A5470AED7
A52: 51 | B52: 勤業眾信聯合會計師事務所 | C52: Deloitte 勤業眾信 | D52: 李冠豪 | E52: 台北總所 | F52: 台北市信義區松仁路100號20樓 | G52: 台北市信義區松仁路100號20樓 | I52: 110/11/01 | J52: 全聯會一字第1100429 | K52: 北市 | L52: 110/11/01 | M52: 4377 | N52: 2026-06-05 | O52: https://www.roccpa.org.tw/member_search/more?id=C3D8A53A-95A5-4507-9B55-C29526546704
A53: 52 | B53: 勤業眾信聯合會計師事務所 | C53: Deloitte 勤業眾信 | D53: 李協昌 | E53: 台北總所 | F53: 台北市信義區松仁路100號20樓 | G53: 台北市信義區松仁路100號20樓 | I53: 113/06/19 | J53: 全聯會一字第1130000282號 | K53: 北市 | L53: 113/06/19 | M53: 4639 | N53: 2026-06-05 | O53: https://www.roccpa.org.tw/member_search/more?id=8799F601-0F5C-4A37-9960-7D57546C009F
A54: 53 | B54: 勤業眾信聯合會計師事務所 | C54: Deloitte 勤業眾信 | D54: 李嘉雯 | E54: 台北總所 | F54: 台北市信義區松仁路100號20樓 | G54: 台北市信義區松仁路100號20樓 | I54: 110/06/09 | J54: 全聯會一字第1100235 | K54: 北市 | L54: 110/06/09 | M54: 4340 | N54: 2026-06-05 | O54: https://www.roccpa.org.tw/member_search/more?id=3DB882A6-01AE-49FD-8D4E-16451F9054FB
A55: 54 | B55: 勤業眾信聯合會計師事務所 | C55: Deloitte 勤業眾信 | D55: 李惠先 | E55: 台北總所 | F55: 台北市信義區松仁路100號20樓 | G55: 台北市信義區松仁路100號20樓 | I55: 105/06/01 | J55: 全聯會一字第1050257 | K55: 北市 | L55: 105/06/13 | M55: 3942 | N55: 2026-06-05 | O55: https://www.roccpa.org.tw/member_search/more?id=19529D28-CB3C-483A-BDF5-BD60883E6788
A56: 55 | B56: 勤業眾信聯合會計師事務所 | C56: Deloitte 勤業眾信 | D56: 李東峰 | E56: 台北總所 | F56: 台北市信義區松仁路100號20樓 | G56: 台北市信義區松仁路100號20樓 | K56: 北市 | L56: 093/06/10 | M56: 2660 | N56: 2026-06-05 | O56: https://www.roccpa.org.tw/member_search/more?id=B4BFCA03-EAAF-48CC-9C4F-2FD77F712F00
A57: 56 | B57: 勤業眾信聯合會計師事務所 | C57: Deloitte 勤業眾信 | D57: 李柏廷 | E57: 台北總所 | F57: 台北市信義區松仁路100號20樓 | G57: 台北市信義區松仁路100號20樓 | I57: 115/06/15 | J57: 全聯會一字第1150000292號 | K57: 北市 | L57: 115/06/15 | M57: 4899 | N57: 2026-06-23 | O57: https://www.roccpa.org.tw/member_search/more?id=aed062bdf00544f7813b769597dfddf8
A58: 57 | B58: 勤業眾信聯合會計師事務所 | C58: Deloitte 勤業眾信 | D58: 李穗青 | E58: 台北總所 | F58: 台北市信義區松仁路100號20樓 | G58: 台北市信義區松仁路100號20樓 | I58: 110/06/09 | J58: 全聯會一字第1100229 | K58: 北市 | L58: 110/06/09 | M58: 4334 | N58: 2026-06-05 | O58: https://www.roccpa.org.tw/member_search/more?id=D94A8848-95D5-411F-A06A-7180684C7F8B
A59: 58 | B59: 勤業眾信聯合會計師事務所 | C59: Deloitte 勤業眾信 | D59: 李紹平 | E59: 台北總所 | F59: 台北市信義區松仁路100號20樓 | G59: 台北市信義區松仁路100號20樓 | I59: 103/05/30 | J59: 全聯會一字第1030216 | K59: 北市 | L59: 103/06/12 | M59: 3707 | N59: 2026-06-05 | O59: https://www.roccpa.org.tw/member_search/more?id=7F2788BF-80FE-4AC5-BDC0-C65EB6A70999
A60: 59 | B60: 勤業眾信聯合會計師事務所 | C60: Deloitte 勤業眾信 | D60: 李芸珊 | E60: 台北總所 | F60: 台北市信義區松仁路100號20樓 | G60: 台北市信義區松仁路100號20樓 | I60: 114/06/18 | J60: 全聯會一字第1140000244號 | K60: 北市 | L60: 114/06/18 | M60: 4728 | N60: 2026-06-05 | O60: https://www.roccpa.org.tw/member_search/more?id=3F90D3FB-2D03-41A4-97CE-BC9D3FEB81D3
A61: 60 | B61: 勤業眾信聯合會計師事務所 | C61: Deloitte 勤業眾信 | D61: 李麗凰 | E61: 台北總所 | F61: 台北市信義區松仁路100號20樓 | G61: 台北市信義區松仁路100號20樓 | K61: 北市 | L61: 093/06/10 | M61: 2650 | N61: 2026-06-05 | O61: https://www.roccpa.org.tw/member_search/more?id=E3A870D5-A501-4133-B9CC-C06C58DD1414
A62: 61 | B62: 勤業眾信聯合會計師事務所 | C62: Deloitte 勤業眾信 | D62: 林志偉 | E62: 台北總所 | F62: 台北市信義區松仁路100號20樓 | G62: 台北市信義區松仁路100號20樓 | I62: 113/06/19 | J62: 全聯會一字第1130000287號 | K62: 北市 | L62: 113/06/19 | M62: 4644 | N62: 2026-06-05 | O62: https://www.roccpa.org.tw/member_search/more?id=8FA72C42-FFD0-4B3D-8C48-13D855A0F9AE
A63: 62 | B63: 勤業眾信聯合會計師事務所 | C63: Deloitte 勤業眾信 | D63: 林旺生 | E63: 台北總所 | F63: 台北市信義區松仁路100號20樓 | G63: 台北市信義區松仁路100號20樓 | I63: 106/06/01 | J63: 全聯會一字第1060198 | K63: 北市 | L63: 106/06/13 | M63: 4020 | N63: 2026-06-05 | O63: https://www.roccpa.org.tw/member_search/more?id=A4751F9B-C322-4B01-BCA3-5EDD004F4D0D
A64: 63 | B64: 勤業眾信聯合會計師事務所 | C64: Deloitte 勤業眾信 | D64: 林淑如 | E64: 台北總所 | F64: 台北市信義區松仁路100號20樓 | G64: 台北市信義區松仁路100號20樓 | I64: 108/06/12 | J64: 全聯會一字第1080208 | K64: 北市 | L64: 108/06/12 | M64: 4172 | N64: 2026-06-05 | O64: https://www.roccpa.org.tw/member_search/more?id=83FF869A-7DFE-4D8B-80C2-461F9FF43D5D
A65: 64 | B65: 勤業眾信聯合會計師事務所 | C65: Deloitte 勤業眾信 | D65: 林淑婉 | E65: 台北總所 | F65: 台北市信義區松仁路100號20樓 | G65: 台北市信義區松仁路100號20樓 | K65: 北市 | L65: 093/11/17 | M65: 2693 | N65: 2026-06-05 | O65: https://www.roccpa.org.tw/member_search/more?id=A73166DC-C1A3-421A-9092-F352A7D66DA7
A66: 65 | B66: 勤業眾信聯合會計師事務所 | C66: Deloitte 勤業眾信 | D66: 林淑怡 | E66: 台北總所 | F66: 台北市信義區松仁路100號20樓 | G66: 台北市信義區松仁路100號20樓 | K66: 北市 | L66: 096/06/11 | M66: 2945 | N66: 2026-06-05 | O66: https://www.roccpa.org.tw/member_search/more?id=46A41D7C-7999-4FEE-A3C7-C3CC5C8832D1
A67: 66 | B67: 勤業眾信聯合會計師事務所 | C67: Deloitte 勤業眾信 | D67: 柯志賢 | E67: 台北總所 | F67: 台北市信義區松仁路100號20樓 | G67: 台北市信義區松仁路100號20樓 | K67: 北市 | L67: 093/11/17 | M67: 2696 | N67: 2026-06-05 | O67: https://www.roccpa.org.tw/member_search/more?id=4BC790DB-EA1B-4316-A20D-6EA4BD4800C0
A68: 67 | B68: 勤業眾信聯合會計師事務所 | C68: Deloitte 勤業眾信 | D68: 梁盛泰 | E68: 台北總所 | F68: 台北市信義區松仁路100號20樓 | G68: 台北市信義區松仁路100號20樓 | I68: 110/06/09 | J68: 全聯會一字第1100231 | K68: 北市 | L68: 110/06/09 | M68: 4336 | N68: 2026-06-05 | O68: https://www.roccpa.org.tw/member_search/more?id=DEBB4821-3D39-4E35-8D40-DCFC521F103A
A69: 68 | B69: 勤業眾信聯合會計師事務所 | C69: Deloitte 勤業眾信 | D69: 楊啟聖 | E69: 台北總所 | F69: 台北市信義區松仁路100號20樓 | G69: 台北市信義區松仁路100號20樓 | I69: 109/06/10 | J69: 全聯會一字第1090217 | K69: 北市 | L69: 109/06/10 | M69: 4256 | N69: 2026-06-05 | O69: https://www.roccpa.org.tw/member_search/more?id=4CB9F9F9-78D1-44C4-85E0-8996E0F008C9
A70: 69 | B70: 勤業眾信聯合會計師事務所 | C70: Deloitte 勤業眾信 | D70: 楊承修 | E70: 台北總所 | F70: 台北市信義區松仁路100號20樓 | G70: 台北市信義區松仁路100號20樓 | I70: 098/05/27 | J70: 全聯會一字第09800197 | K70: 北市 | L70: 098/06/11 | M70: 3123 | N70: 2026-06-05 | O70: https://www.roccpa.org.tw/member_search/more?id=F607E039-7264-466B-9BFE-B0C974257399
A71: 70 | B71: 勤業眾信聯合會計師事務所 | C71: Deloitte 勤業眾信 | D71: 楊靜婷 | E71: 台北總所 | F71: 台北市信義區松仁路100號20樓 | G71: 台北市信義區松仁路100號20樓 | K71: 北市 | L71: 093/06/10 | M71: 2652 | N71: 2026-06-05 | O71: https://www.roccpa.org.tw/member_search/more?id=FB859068-D9E2-4455-A9EE-AE9B4D837748
A72: 71 | B72: 勤業眾信聯合會計師事務所 | C72: Deloitte 勤業眾信 | D72: 江明南 | E72: 台北總所 | F72: 台北市信義區松仁路100號20樓 | G72: 台北市信義區松仁路100號20樓 | I72: 105/06/01 | J72: 全聯會一字第1050253 | K72: 北市 | L72: 105/06/13 | M72: 3940 | N72: 2026-06-05 | O72: https://www.roccpa.org.tw/member_search/more?id=9567C4E8-331A-477A-A1C0-1892BCEDFCC8
A73: 72 | B73: 勤業眾信聯合會計師事務所 | C73: Deloitte 勤業眾信 | D73: 江美艷 | E73: 台北總所 | F73: 台北市信義區松仁路100號20樓 | G73: 台北市信義區松仁路100號20樓 | K73: 北市 | L73: 093/06/24 | M73: 2663 | N73: 2026-06-05 | O73: https://www.roccpa.org.tw/member_search/more?id=2AC4052F-E3E2-42E6-A588-4971D8FC5A33
A74: 73 | B74: 勤業眾信聯合會計師事務所 | C74: Deloitte 勤業眾信 | D74: 江育維 | E74: 台北總所 | F74: 台北市信義區松仁路100號20樓 | G74: 台北市信義區松仁路100號20樓 | I74: 108/06/12 | J74: 全聯會一字第1080209 | K74: 北市 | L74: 108/06/12 | M74: 4173 | N74: 2026-06-05 | O74: https://www.roccpa.org.tw/member_search/more?id=77982608-BFED-4176-B762-3470CB12F125
A75: 74 | B75: 勤業眾信聯合會計師事務所 | C75: Deloitte 勤業眾信 | D75: 池瑞全 | E75: 台北總所 | F75: 台北市信義區松仁路100號20樓 | G75: 台北市信義區松仁路100號20樓 | K75: 北市 | L75: 090/01/10 | M75: 2332 | N75: 2026-06-05 | O75: https://www.roccpa.org.tw/member_search/more?id=9E41795E-C06C-4CAF-B2F1-F98638994DEA
A76: 75 | B76: 勤業眾信聯合會計師事務所 | C76: Deloitte 勤業眾信 | D76: 洪于婷 | E76: 台北總所 | F76: 台北市信義區松仁路100號20樓 | G76: 台北市信義區松仁路100號20樓 | I76: 109/06/10 | J76: 全聯會一字第1090216 | K76: 北市 | L76: 109/06/10 | M76: 4255 | N76: 2026-06-05 | O76: https://www.roccpa.org.tw/member_search/more?id=A0802C22-F4BA-4669-84FF-3E47DC587A7E
A77: 76 | B77: 勤業眾信聯合會計師事務所 | C77: Deloitte 勤業眾信 | D77: 洪以文 | E77: 台北總所 | F77: 台北市信義區松仁路100號20樓 | G77: 台北市信義區松仁路100號20樓 | I77: 114/06/18 | J77: 全聯會一字第1140000248號 | K77: 北市 | L77: 114/06/18 | M77: 4732 | N77: 2026-06-05 | O77: https://www.roccpa.org.tw/member_search/more?id=2B12203F-81B2-4B38-8489-CD8717965D11
A78: 77 | B78: 勤業眾信聯合會計師事務所 | C78: Deloitte 勤業眾信 | D78: 洪偉倫 | E78: 台北總所 | F78: 台北市信義區松仁路100號20樓 | G78: 台北市信義區松仁路100號20樓 | I78: 114/06/18 | J78: 全聯會一字第1140000245號 | K78: 北市 | L78: 114/06/18 | M78: 4729 | N78: 2026-06-05 | O78: https://www.roccpa.org.tw/member_search/more?id=70DD5F73-9EB0-43A4-AB4D-9FBAB6116236
A79: 78 | B79: 勤業眾信聯合會計師事務所 | C79: Deloitte 勤業眾信 | D79: 洪國田 | E79: 台北總所 | F79: 台北市信義區松仁路100號20樓 | G79: 台北市信義區松仁路100號20樓 | K79: 北市 | L79: 091/12/16 | M79: 2526 | N79: 2026-06-05 | O79: https://www.roccpa.org.tw/member_search/more?id=3BFBEB63-C463-4A2E-93A6-9EF4DFA17D7C
A80: 79 | B80: 勤業眾信聯合會計師事務所 | C80: Deloitte 勤業眾信 | D80: 洪玉美 | E80: 台北總所 | F80: 台北市信義區松仁路100號20樓 | G80: 台北市信義區松仁路100號20樓 | K80: 北市 | L80: 093/11/17 | M80: 2694 | N80: 2026-06-05 | O80: https://www.roccpa.org.tw/member_search/more?id=ADB36CAB-B3A7-4FF8-A7C1-DA9F415AA21D
A81: 80 | B81: 勤業眾信聯合會計師事務所 | C81: Deloitte 勤業眾信 | D81: 王儀雯 | E81: 台北總所 | F81: 台北市信義區松仁路100號20樓 | G81: 台北市信義區松仁路100號20樓 | I81: 098/05/27 | J81: 全聯會一字第09800196 | K81: 北市 | L81: 098/06/11 | M81: 3126 | N81: 2026-06-05 | O81: https://www.roccpa.org.tw/member_search/more?id=6B510B3E-3F6E-42B9-8CB3-2695E67727DA
A82: 81 | B82: 勤業眾信聯合會計師事務所 | C82: Deloitte 勤業眾信 | D82: 王攀發 | E82: 台北總所 | F82: 台北市信義區松仁路100號20樓 | G82: 台北市信義區松仁路100號20樓 | I82: 110/06/09 | J82: 全聯會一字第1100222 | K82: 北市 | L82: 110/06/09 | M82: 4327 | N82: 2026-06-05 | O82: https://www.roccpa.org.tw/member_search/more?id=E0DF0B17-CBC5-4D66-B2D3-A589CC5C0FC9
A83: 82 | B83: 勤業眾信聯合會計師事務所 | C83: Deloitte 勤業眾信 | D83: 王曉琪 | E83: 台北總所 | F83: 台北市信義區松仁路100號20樓 | G83: 台北市信義區松仁路100號20樓 | I83: 100/01/26 | J83: 全聯會一字第1000031 | K83: 北市 | L83: 100/03/08 | M83: 3322 | N83: 2026-06-05 | O83: https://www.roccpa.org.tw/member_search/more?id=EF810AA3-1461-49EE-94B0-91EBD085E7CD
A84: 83 | B84: 勤業眾信聯合會計師事務所 | C84: Deloitte 勤業眾信 | D84: 王浚宇 | E84: 台北總所 | F84: 台北市信義區松仁路100號20樓 | G84: 台北市信義區松仁路100號20樓 | I84: 112/06/08 | J84: 全聯會一字第1120222 | K84: 北市 | L84: 112/06/08 | M84: 4528 | N84: 2026-06-05 | O84: https://www.roccpa.org.tw/member_search/more?id=30388139-685D-4449-ADDF-ACD29862A8FE
A85: 84 | B85: 勤業眾信聯合會計師事務所 | C85: Deloitte 勤業眾信 | D85: 王珮眞 | E85: 台北總所 | F85: 台北市信義區松仁路100號20樓 | G85: 台北市信義區松仁路100號20樓 | I85: 113/06/19 | J85: 全聯會一字第1130000286號 | K85: 北市 | L85: 113/06/19 | M85: 4643 | N85: 2026-06-05 | O85: https://www.roccpa.org.tw/member_search/more?id=740A426E-EDC4-4D76-ACF0-031A4460EA6A
A86: 85 | B86: 勤業眾信聯合會計師事務所 | C86: Deloitte 勤業眾信 | D86: 王瑞鴻 | E86: 台北總所 | F86: 台北市信義區松仁路100號20樓 | G86: 台北市信義區松仁路100號20樓 | I86: 109/06/10 | J86: 全聯會一字第1090222 | K86: 北市 | L86: 109/06/10 | M86: 4261 | N86: 2026-06-05 | O86: https://www.roccpa.org.tw/member_search/more?id=EFCCD50F-0013-4233-8C39-5F629CB0E77B
A87: 86 | B87: 勤業眾信聯合會計師事務所 | C87: Deloitte 勤業眾信 | D87: 王翔民 | E87: 台北總所 | F87: 台北市信義區松仁路100號20樓 | G87: 台北市信義區松仁路100號20樓 | I87: 111/06/10 | J87: 全聯會一字第1110219 | K87: 北市 | L87: 111/06/10 | M87: 4431 | N87: 2026-06-05 | O87: https://www.roccpa.org.tw/member_search/more?id=216AB664-1B0A-4180-9A18-809A8FC90A5F
A88: 87 | B88: 勤業眾信聯合會計師事務所 | C88: Deloitte 勤業眾信 | D88: 簡嘉宏 | E88: 台北總所 | F88: 台北市信義區松仁路100號20樓 | G88: 台北市信義區松仁路100號20樓 | I88: 115/06/15 | J88: 全聯會一字第1150000294號 | K88: 北市 | L88: 115/06/15 | M88: 4902 | N88: 2026-06-23 | O88: https://www.roccpa.org.tw/member_search/more?id=28efaa67395b4518ba7fc27fb89f5503
A89: 88 | B89: 勤業眾信聯合會計師事務所 | C89: Deloitte 勤業眾信 | D89: 簡明彥 | E89: 台北總所 | F89: 台北市信義區松仁路100號20樓 | G89: 台北市信義區松仁路100號20樓 | I89: 100/05/25 | J89: 全聯會一字第1000211 | K89: 北市 | L89: 100/06/07 | M89: 3358 | N89: 2026-06-05 | O89: https://www.roccpa.org.tw/member_search/more?id=E12B970D-F3F1-4444-BB78-DC2CCEB91CC0
A90: 89 | B90: 勤業眾信聯合會計師事務所 | C90: Deloitte 勤業眾信 | D90: 翁博仁 | E90: 台北總所 | F90: 台北市信義區松仁路100號20樓 | G90: 台北市信義區松仁路100號20樓 | I90: 101/06/04 | J90: 全聯會一字第1010174 | K90: 北市 | L90: 101/06/14 | M90: 3466 | N90: 2026-06-05 | O90: https://www.roccpa.org.tw/member_search/more?id=3D4006ED-C989-4893-B61A-58473067256B
A91: 90 | B91: 勤業眾信聯合會計師事務所 | C91: Deloitte 勤業眾信 | D91: 翁雅玲 | E91: 台北總所 | F91: 台北市信義區松仁路100號20樓 | G91: 台北市信義區松仁路100號20樓 | I91: 102/06/03 | J91: 全聯會一字第1020214 | K91: 北市 | L91: 102/06/19 | M91: 3590 | N91: 2026-06-05 | O91: https://www.roccpa.org.tw/member_search/more?id=636CD3A8-D566-440B-ADE0-0CFB8D23261C
A92: 91 | B92: 勤業眾信聯合會計師事務所 | C92: Deloitte 勤業眾信 | D92: 胡家熀 | E92: 台北總所 | F92: 台北市信義區松仁路100號20樓 | G92: 台北市信義區松仁路100號20樓 | I92: 114/06/18 | J92: 全聯會一字第1140000239號 | K92: 北市 | L92: 114/06/18 | M92: 4723 | N92: 2026-06-05 | O92: https://www.roccpa.org.tw/member_search/more?id=73B27895-D369-4285-8339-45C487C59E00
... A104: 103 | B104: 勤業眾信聯合會計師事務所 | C104: Deloitte 勤業眾信 | D104: 蘇郁琇 | E104: 台北總所 | F104: 台北市信義區松仁路100號20樓 | G104: 台北市信義區松仁路100號20樓 | I104: 104/06/01 | J104: 全聯會一字第1040175 | K104: 北市 | L104: 104/07/01 | M104: 3841 | N104: 2026-06-05 | O104: https://www.roccpa.org.tw/member_search/more?id=536A1992-398B-457A-92D2-208123562E3F
A105: 104 | B105: 勤業眾信聯合會計師事務所 | C105: Deloitte 勤業眾信 | D105: 虞成全 | E105: 台北總所 | F105: 台北市信義區松仁路100號20樓 | G105: 台北市信義區松仁路100號20樓 | K105: 北市 | L105: 093/06/10 | M105: 2645 | N105: 2026-06-05 | O105: https://www.roccpa.org.tw/member_search/more?id=6A83004B-CB4B-44C5-BBE3-F459B29E46B8
A106: 105 | B106: 勤業眾信聯合會計師事務所 | C106: Deloitte 勤業眾信 | D106: 袁金蘭 | E106: 台北總所 | F106: 台北市信義區松仁路100號20樓 | G106: 台北市信義區松仁路100號20樓 | K106: 北市 | L106: 086/02/18 | M106: 1901 | N106: 2026-06-05 | O106: https://www.roccpa.org.tw/member_search/more?id=B6CDC3E5-E73C-4CA2-951D-13CAA8D50202
A107: 106 | B107: 勤業眾信聯合會計師事務所 | C107: Deloitte 勤業眾信 | D107: 褚世蘭 | E107: 台北總所 | F107: 台北市信義區松仁路100號20樓 | G107: 台北市信義區松仁路100號20樓 | I107: 112/06/08 | J107: 全聯會一字第1120223 | K107: 北市 | L107: 112/06/08 | M107: 4529 | N107: 2026-06-05 | O107: https://www.roccpa.org.tw/member_search/more?id=EB158624-2C3E-48C5-B84C-3EECC8E0B364
A108: 107 | B108: 勤業眾信聯合會計師事務所 | C108: Deloitte 勤業眾信 | D108: 許嘉銘 | E108: 台北總所 | F108: 台北市信義區松仁路100號20樓 | G108: 台北市信義區松仁路100號20樓 | I108: 109/06/10 | J108: 全聯會一字第1090220 | K108: 北市 | L108: 109/06/10 | M108: 4259 | N108: 2026-06-05 | O108: https://www.roccpa.org.tw/member_search/more?id=888ADCE9-0C22-4D7D-BA31-74553037AD6E
A109: 108 | B109: 勤業眾信聯合會計師事務所 | C109: Deloitte 勤業眾信 | D109: 許晉銘 | E109: 台北總所 | F109: 台北市信義區松仁路100號20樓 | G109: 台北市信義區松仁路100號20樓 | K109: 北市 | L109: 093/06/10 | M109: 2648 | N109: 2026-06-05 | O109: https://www.roccpa.org.tw/member_search/more?id=DBB022D6-28E3-4793-8586-7B8F494FFBAA
A110: 109 | B110: 勤業眾信聯合會計師事務所 | C110: Deloitte 勤業眾信 | D110: 許秀明 | E110: 台北總所 | F110: 台北市信義區松仁路100號20樓 | G110: 台北市信義區松仁路100號20樓 | K110: 北市 | L110: 087/11/17 | M110: 2100 | N110: 2026-06-05 | O110: https://www.roccpa.org.tw/member_search/more?id=0D81EFDA-ACB5-403A-A9A3-D1351F004EE8
A111: 110 | B111: 勤業眾信聯合會計師事務所 | C111: Deloitte 勤業眾信 | D111: 謝建新 | E111: 台北總所 | F111: 台北市信義區松仁路100號20樓 | G111: 台北市信義區松仁路100號20樓 | K111: 北市 | L111: 090/07/12 | M111: 2368 | N111: 2026-06-05 | O111: https://www.roccpa.org.tw/member_search/more?id=92811800-052E-4554-92DA-5CCCC102D00D
...

Sheet Deloitte 勤業眾信
A1: 序號 | B1: 事務所名稱 | C1: 國際品牌 | D1: 會計師姓名 | E1: 所屬分所 | F1: 辦公室地址 | G1: 主事務所地址 | H1: 分事務所地址 | I1: 執業登記日期 | J1: 執業登記文號 | K1: 所屬公會 | L1: 入會日期 | M1: 會籍編號 | N1: 資料最後更新日 | O1: 明細連結
A2: 1 | B2: 勤業眾信聯合會計師事務所 | C2: Deloitte 勤業眾信 | D2: 侯玉燡 | E2: 台北總所 | F2: 台北市信義區松仁路100號20樓 | G2: 台北市信義區松仁路100號20樓 | I2: 110/06/09 | J2: 全聯會一字第1100233 | K2: 北市 | L2: 110/06/09 | M2: 4338 | N2: 2026-06-05 | O2: https://www.roccpa.org.tw/member_search/more?id=3005F4E1-61C5-4100-8FF0-5BF2F667E759
A3: 2 | B3: 勤業眾信聯合會計師事務所 | C3: Deloitte 勤業眾信 | D3: 劉力維 | E3: 台北總所 | F3: 台北市信義區松仁路100號20樓 | G3: 台北市信義區松仁路100號20樓 | I3: 111/06/10 | J3: 全聯會一字第1110221 | K3: 北市 | L3: 111/06/10 | M3: 4433 | N3: 2026-06-05 | O3: https://www.roccpa.org.tw/member_search/more?id=6423F685-3F47-4E0E-A3B1-8DCE4666C896
A4: 3 | B4: 勤業眾信聯合會計師事務所 | C4: Deloitte 勤業眾信 | D4: 劉建良 | E4: 台北總所 | F4: 台北市信義區松仁路100號20樓 | G4: 台北市信義區松仁路100號20樓 | I4: 100/05/25 | J4: 全聯會一字第1000207 | K4: 北市 | L4: 100/06/07 | M4: 3354 | N4: 2026-06-05 | O4: https://www.roccpa.org.tw/member_search/more?id=80DA8D03-FCFC-42D8-A83E-38EA6AF532F3
A5: 4 | B5: 勤業眾信聯合會計師事務所 | C5: Deloitte 勤業眾信 | D5: 劉怡青 | E5: 台北總所 | F5: 台北市信義區松仁路100號20樓 | G5: 台北市信義區松仁路100號20樓 | I5: 110/06/09 | J5: 全聯會一字第1100225 | K5: 北市 | L5: 110/06/09 | M5: 4330 | N5: 2026-06-05 | O5: https://www.roccpa.org.tw/member_search/more?id=D91CD5AA-C9AA-4CD0-86EF-DAA5002E83E3
A6: 5 | B6: 勤業眾信聯合會計師事務所 | C6: Deloitte 勤業眾信 | D6: 劉振宇 | E6: 台北總所 | F6: 台北市信義區松仁路100號20樓 | G6: 台北市信義區松仁路100號20樓 | I6: 115/06/15 | J6: 全聯會一字第1150000289號 | K6: 北市 | L6: 115/06/15 | M6: 4896 | N6: 2026-06-23 | O6: https://www.roccpa.org.tw/member_search/more?id=f982591700b54d4b89e36c33ea8fc556
A7: 6 | B7: 勤業眾信聯合會計師事務所 | C7: Deloitte 勤業眾信 | D7: 劉明賢 | E7: 台北總所 | F7: 台北市信義區松仁路100號20樓 | G7: 台北市信義區松仁路100號20樓 | I7: 110/06/09 | J7: 全聯會一字第1100227 | K7: 北市 | L7: 110/06/09 | M7: 4332 | N7: 2026-06-05 | O7: https://www.roccpa.org.tw/member_search/more?id=DC8924EE-20A9-41B4-9C6B-8A49FE225275
A8: 7 | B8: 勤業眾信聯合會計師事務所 | C8: Deloitte 勤業眾信 | D8: 劉書琳 | E8: 台北總所 | F8: 台北市信義區松仁路100號20樓 | G8: 台北市信義區松仁路100號20樓 | I8: 105/06/01 | J8: 全聯會一字第1050250 | K8: 北市 | L8: 105/06/13 | M8: 3937 | N8: 2026-06-05 | O8: https://www.roccpa.org.tw/member_search/more?id=D11D583E-46D4-4239-993F-6658FF47F152
A9: 8 | B9: 勤業眾信聯合會計師事務所 | C9: Deloitte 勤業眾信 | D9: 劉紋伶 | E9: 台北總所 | F9: 台北市信義區松仁路100號20樓 | G9: 台北市信義區松仁路100號20樓 | I9: 113/06/19 | J9: 全聯會一字第1130000278號 | K9: 北市 | L9: 113/06/19 | M9: 4635 | N9: 2026-06-05 | O9: https://www.roccpa.org.tw/member_search/more?id=ABC7DC62-E5AF-4C2F-ACE1-9D39DB9D0037
A10: 9 | B10: 勤業眾信聯合會計師事務所 | C10: Deloitte 勤業眾信 | D10: 劉紋廷 | E10: 台北總所 | F10: 台北市信義區松仁路100號20樓 | G10: 台北市信義區松仁路100號20樓 | I10: 115/06/15 | J10: 全聯會一字第1150000284號 | K10: 北市 | L10: 115/06/15 | M10: 4901 | N10: 2026-06-23 | O10: https://www.roccpa.org.tw/member_search/more?id=827ae8718493401f9576d5ac9eb5be76
A11: 10 | B11: 勤業眾信聯合會計師事務所 | C11: Deloitte 勤業眾信 | D11: 吳世宗 | E11: 台北總所 | F11: 台北市信義區松仁路100號20樓 | G11: 台北市信義區松仁路100號20樓 | I11: 101/06/04 | J11: 全聯會一字第1010178 | K11: 北市 | L11: 101/06/14 | M11: 3470 | N11: 2026-06-05 | O11: https://www.roccpa.org.tw/member_search/more?id=4BE1AABB-8682-4922-95B3-2FEEBBB5A0DD
A12: 11 | B12: 勤業眾信聯合會計師事務所 | C12: Deloitte 勤業眾信 | D12: 吳怡君 | E12: 台北總所 | F12: 台北市信義區松仁路100號20樓 | G12: 台北市信義區松仁路100號20樓 | K12: 北市 | L12: 093/06/10 | M12: 2661 | N12: 2026-06-05 | O12: https://www.roccpa.org.tw/member_search/more?id=0DC99E99-351F-4F1D-BAED-551C3F32F43D
A13: 12 | B13: 勤業眾信聯合會計師事務所 | C13: Deloitte 勤業眾信 | D13: 吳恪昌 | E13: 台北總所 | F13: 台北市信義區松仁路100號20樓 | G13: 台北市信義區松仁路100號20樓 | I13: 100/05/25 | J13: 全聯會一字第1000210 | K13: 北市 | L13: 100/06/07 | M13: 3357 | N13: 2026-06-05 | O13: https://www.roccpa.org.tw/member_search/more?id=F4BF39AB-F306-4487-AFFC-66B1626B79E4
A14: 13 | B14: 勤業眾信聯合會計師事務所 | C14: Deloitte 勤業眾信 | D14: 吳美慧 | E14: 台北總所 | F14: 台北市信義區松仁路100號20樓 | G14: 台北市信義區松仁路100號20樓 | K14: 北市 | L14: 089/11/13 | M14: 2301 | N14: 2026-06-05 | O14: https://www.roccpa.org.tw/member_search/more?id=E1B90370-7D87-474A-9A11-D7F24C193C45
A15: 14 | B15: 勤業眾信聯合會計師事務所 | C15: Deloitte 勤業眾信 | D15: 吳鈞麟 | E15: 台北總所 | F15: 台北市信義區松仁路100號20樓 | G15: 台北市信義區松仁路100號20樓 | I15: 113/06/19 | J15: 全聯會一字第1130000280號 | K15: 北市 | L15: 113/06/19 | M15: 4637 | N15: 2026-06-05 | O15: https://www.roccpa.org.tw/member_search/more?id=6BB7B9CF-C767-45A3-B123-8BD038D8916E
A16: 15 | B16: 勤業眾信聯合會計師事務所 | C16: Deloitte 勤業眾信 | D16: 呂宜真 | E16: 台北總所 | F16: 台北市信義區松仁路100號20樓 | G16: 台北市信義區松仁路100號20樓 | I16: 108/06/12 | J16: 全聯會一字第1080207 | K16: 北市 | L16: 108/06/12 | M16: 4171 | N16: 2026-06-05 | O16: https://www.roccpa.org.tw/member_search/more?id=F1F0537D-0184-4092-A7C1-E45D63985B2D
A17: 16 | B17: 勤業眾信聯合會計師事務所 | C17: Deloitte 勤業眾信 | D17: 呂相瑩 | E17: 台北總所 | F17: 台北市信義區松仁路100號20樓 | G17: 台北市信義區松仁路100號20樓 | I17: 112/06/08 | J17: 全聯會一字第1120224 | K17: 北市 | L17: 112/06/08 | M17: 4530 | N17: 2026-06-05 | O17: https://www.roccpa.org.tw/member_search/more?id=50490783-E4EC-4921-932A-A645450346E7
A18: 17 | B18: 勤業眾信聯合會計師事務所 | C18: Deloitte 勤業眾信 | D18: 周仕杰 | E18: 台北總所 | F18: 台北市信義區松仁路100號20樓 | G18: 台北市信義區松仁路100號20樓 | I18: 111/06/10 | J18: 全聯會一字第1110217 | K18: 北市 | L18: 111/06/10 | M18: 4429 | N18: 2026-06-05 | O18: https://www.roccpa.org.tw/member_search/more?id=BB7E2A76-0446-4D87-A31D-0535B4848099
A19: 18 | B19: 勤業眾信聯合會計師事務所 | C19: Deloitte 勤業眾信 | D19: 周以隆 | E19: 台北總所 | F19: 台北市信義區松仁路100號20樓 | G19: 台北市信義區松仁路100號20樓 | K19: 北市 | L19: 093/06/10 | M19: 2654 | N19: 2026-06-05 | O19: https://www.roccpa.org.tw/member_search/more?id=BD0A1037-DB4C-436E-95E7-55F395ABBD68
A20: 19 | B20: 勤業眾信聯合會計師事務所 | C20: Deloitte 勤業眾信 | D20: 周正國 | E20: 台北總所 | F20: 台北市信義區松仁路100號20樓 | G20: 台北市信義區松仁路100號20樓 | I20: 115/06/15 | J20: 全聯會一字第1150000285號 | K20: 北市 | L20: 115/06/15 | M20: 4892 | N20: 2026-06-23 | O20: https://www.roccpa.org.tw/member_search/more?id=848f6c9fd2984866a3adab8e1355f8c1
A21: 20 | B21: 勤業眾信聯合會計師事務所 | C21: Deloitte 勤業眾信 | D21: 姚勝雄 | E21: 台北總所 | F21: 台北市信義區松仁路100號20樓 | G21: 台北市信義區松仁路100號20樓 | I21: 101/06/04 | J21: 全聯會一字第1010179 | K21: 北市 | L21: 101/06/14 | M21: 3471 | N21: 2026-06-05 | O21: https://www.roccpa.org.tw/member_search/more?id=A622E5B3-327A-42A0-891F-354E8A10874F
A22: 21 | B22: 勤業眾信聯合會計師事務所 | C22: Deloitte 勤業眾信 | D22: 婁朧允 | E22: 台北總所 | F22: 台北市信義區松仁路100號20樓 | G22: 台北市信義區松仁路100號20樓 | I22: 113/06/19 | J22: 全聯會一字第1130000285號 | K22: 北市 | L22: 113/06/19 | M22: 4642 | N22: 2026-06-05 | O22: https://www.roccpa.org.tw/member_search/more?id=9B7805BC-76BC-4F99-8A1A-5368B4B223B2
A23: 22 | B23: 勤業眾信聯合會計師事務所 | C23: Deloitte 勤業眾信 | D23: 尤志峰 | E23: 台北總所 | F23: 台北市信義區松仁路100號20樓 | G23: 台北市信義區松仁路100號20樓 | I23: 114/06/18 | J23: 全聯會一字第1140000240號 | K23: 北市 | L23: 114/06/18 | M23: 4724 | N23: 2026-06-05 | O23: https://www.roccpa.org.tw/member_search/more?id=92D0AF05-9E8B-4FF9-9AD9-64F0108ABC8A
A24: 23 | B24: 勤業眾信聯合會計師事務所 | C24: Deloitte 勤業眾信 | D24: 尤盟貴 | E24: 台北總所 | F24: 台北市信義區松仁路100號20樓 | G24: 台北市信義區松仁路100號20樓 | I24: 113/09/02 | J24: 全聯會一字第1130000400號 | K24: 北市 | L24: 113/09/02 | M24: 4661 | N24: 2026-06-05 | O24: https://www.roccpa.org.tw/member_search/more?id=D7283C06-29A6-4DE9-BD2A-C2654DC37AD2
A25: 24 | B25: 勤業眾信聯合會計師事務所 | C25: Deloitte 勤業眾信 | D25: 康育榮 | E25: 台北總所 | F25: 台北市信義區松仁路100號20樓 | G25: 台北市信義區松仁路100號20樓 | I25: 115/06/15 | J25: 全聯會一字第1150000290號 | K25: 北市 | L25: 115/06/15 | M25: 4897 | N25: 2026-06-23 | O25: https://www.roccpa.org.tw/member_search/more?id=ee3432266cbd4647b4c8ae07e532fd4c
A26: 25 | B26: 勤業眾信聯合會計師事務所 | C26: Deloitte 勤業眾信 | D26: 廖哲莉 | E26: 台北總所 | F26: 台北市信義區松仁路100號20樓 | G26: 台北市信義區松仁路100號20樓 | K26: 北市 | L26: 089/11/13 | M26: 2298 | N26: 2026-06-05 | O26: https://www.roccpa.org.tw/member_search/more?id=68424988-47BA-499B-8D89-682EE399427A
A27: 26 | B27: 勤業眾信聯合會計師事務所 | C27: Deloitte 勤業眾信 | D27: 廖婉怡 | E27: 台北總所 | F27: 台北市信義區松仁路100號20樓 | G27: 台北市信義區松仁路100號20樓 | I27: 101/06/04 | J27: 全聯會一字第1010177 | K27: 北市 | L27: 101/06/14 | M27: 3469 | N27: 2026-06-05 | O27: https://www.roccpa.org.tw/member_search/more?id=248714FA-65F7-4D17-8EBB-9051D13446E7
A28: 27 | B28: 勤業眾信聯合會計師事務所 | C28: Deloitte 勤業眾信 | D28: 廖家琪 | E28: 台北總所 | F28: 台北市信義區松仁路100號20樓 | G28: 台北市信義區松仁路100號20樓 | I28: 109/06/10 | J28: 全聯會一字第1090221 | K28: 北市 | L28: 109/06/10 | M28: 4260 | N28: 2026-06-05 | O28: https://www.roccpa.org.tw/member_search/more?id=0C2E6CB4-6908-48A4-B8AF-62FF19427403
A29: 28 | B29: 勤業眾信聯合會計師事務所 | C29: Deloitte 勤業眾信 | D29: 張哲彥 | E29: 台北總所 | F29: 台北市信義區松仁路100號20樓 | G29: 台北市信義區松仁路100號20樓 | I29: 115/06/15 | J29: 全聯會一字第1150000293號 | K29: 北市 | L29: 115/06/15 | M29: 4900 | N29: 2026-06-23 | O29: https://www.roccpa.org.tw/member_search/more?id=244567f33ca0441188fcb0095e10c1b5
A30: 29 | B30: 勤業眾信聯合會計師事務所 | C30: Deloitte 勤業眾信 | D30: 張嘉銘 | E30: 台北總所 | F30: 台北市信義區松仁路100號20樓 | G30: 台北市信義區松仁路100號20樓 | I30: 114/06/18 | J30: 全聯會一字第1140000241號 | K30: 北市 | L30: 114/06/18 | M30: 4725 | N30: 2026-06-05 | O30: https://www.roccpa.org.tw/member_search/more?id=B66CD394-A7E3-44D9-AEEF-5397956F2629
A31: 30 | B31: 勤業眾信聯合會計師事務所 | C31: Deloitte 勤業眾信 | D31: 張宗銘 | E31: 台北總所 | F31: 台北市信義區松仁路100號20樓 | G31: 台北市信義區松仁路100號20樓 | I31: 099/05/25 | J31: 全聯會一字第09900258 | K31: 北市 | L31: 099/06/04 | M31: 3231 | N31: 2026-06-05 | O31: https://www.roccpa.org.tw/member_search/more?id=CAA6F87C-AD39-469D-9486-D6863E4F543E
A32: 31 | B32: 勤業眾信聯合會計師事務所 | C32: Deloitte 勤業眾信 | D32: 張正修 | E32: 台北總所 | F32: 台北市信義區松仁路100號20樓 | G32: 台北市信義區松仁路100號20樓 | I32: 112/06/08 | J32: 全聯會一字第1120220 | K32: 北市 | L32: 112/06/08 | M32: 4526 | N32: 2026-06-05 | O32: https://www.roccpa.org.tw/member_search/more?id=99645D90-9683-487D-84D5-B799C9A274E2
A33: 32 | B33: 勤業眾信聯合會計師事務所 | C33: Deloitte 勤業眾信 | D33: 張淳儀 | E33: 台北總所 | F33: 台北市信義區松仁路100號20樓 | G33: 台北市信義區松仁路100號20樓 | K33: 北市 | L33: 088/01/29 | M33: 2129 | N33: 2026-06-05 | O33: https://www.roccpa.org.tw/member_search/more?id=633F0845-4E38-4090-AC51-B1EFB13AA945
A34: 33 | B34: 勤業眾信聯合會計師事務所 | C34: Deloitte 勤業眾信 | D34: 張瑞峰 | E34: 台北總所 | F34: 台北市信義區松仁路100號20樓 | G34: 台北市信義區松仁路100號20樓 | I34: 109/06/10 | J34: 全聯會一字第1090214 | K34: 北市 | L34: 109/06/10 | M34: 4253 | N34: 2026-06-05 | O34: https://www.roccpa.org.tw/member_search/more?id=F0292D2E-E20E-431F-BA8A-5077AD9E089B
A35: 34 | B35: 勤業眾信聯合會計師事務所 | C35: Deloitte 勤業眾信 | D35: 張美卿 | E35: 台北總所 | F35: 台北市信義區松仁路100號20樓 | G35: 台北市信義區松仁路100號20樓 | I35: 115/06/15 | J35: 全聯會一字第1150000287號 | K35: 北市 | L35: 115/06/15 | M35: 4894 | N35: 2026-06-23 | O35: https://www.roccpa.org.tw/member_search/more?id=a778492fdcbf4b7596fd9113b85e0c46
A36: 35 | B36: 勤業眾信聯合會計師事務所 | C36: Deloitte 勤業眾信 | D36: 張耿禧 | E36: 台北總所 | F36: 台北市信義區松仁路100號20樓 | G36: 台北市信義區松仁路100號20樓 | K36: 北市 | L36: 090/01/10 | M36: 2333 | N36: 2026-06-05 | O36: https://www.roccpa.org.tw/member_search/more?id=CFDB2A00-A1C4-432F-8693-4343FC0E35F0
A37: 36 | B37: 勤業眾信聯合會計師事務所 | C37: Deloitte 勤業眾信 | D37: 張至誼 | E37: 台北總所 | F37: 台北市信義區松仁路100號20樓 | G37: 台北市信義區松仁路100號20樓 | I37: 109/03/02 | J37: 全聯會一字第1090088 | K37: 北市 | L37: 109/03/02 | M37: 4227 | N37: 2026-06-05 | O37: https://www.roccpa.org.tw/member_search/more?id=2E125208-F858-4843-8CAD-199D8C7C8927
A38: 37 | B38: 勤業眾信聯合會計師事務所 | C38: Deloitte 勤業眾信 | D38: 張雅涵 | E38: 台北總所 | F38: 台北市信義區松仁路100號20樓 | G38: 台北市信義區松仁路100號20樓 | I38: 115/06/15 | J38: 全聯會一字第1150000286號 | K38: 北市 | L38: 115/06/15 | M38: 4893 | N38: 2026-06-23 | O38: https://www.roccpa.org.tw/member_search/more?id=5c684f9c694145659b6a6faa211ca641
A39: 38 | B39: 勤業眾信聯合會計師事務所 | C39: Deloitte 勤業眾信 | D39: 張青霞 | E39: 台北總所 | F39: 台北市信義區松仁路100號20樓 | G39: 台北市信義區松仁路100號20樓 | I39: 109/06/10 | J39: 全聯會一字第1090212 | K39: 北市 | L39: 109/06/10 | M39: 4251 | N39: 2026-06-05 | O39: https://www.roccpa.org.tw/member_search/more?id=36536DF6-1647-428C-A2C4-830E777C6DFE
A40: 39 | B40: 勤業眾信聯合會計師事務所 | C40: Deloitte 勤業眾信 | D40: 張麗君 | E40: 台北總所 | F40: 台北市信義區松仁路100號20樓 | G40: 台北市信義區松仁路100號20樓 | I40: 110/06/09 | J40: 全聯會一字第1100232 | K40: 北市 | L40: 110/06/09 | M40: 4337 | N40: 2026-06-05 | O40: https://www.roccpa.org.tw/member_search/more?id=1B0BB095-AB84-4022-B1AE-26C30A0FF6F7
A41: 40 | B41: 勤業眾信聯合會計師事務所 | C41: Deloitte 勤業眾信 | D41: 彭以驊 | E41: 台北總所 | F41: 台北市信義區松仁路100號20樓 | G41: 台北市信義區松仁路100號20樓 | I41: 113/06/19 | J41: 全聯會一字第1130000276號 | K41: 北市 | L41: 113/06/19 | M41: 4633 | N41: 2026-06-05 | O41: https://www.roccpa.org.tw/member_search/more?id=FFAA6A97-A8F9-422D-A3DE-BBBE5474CC96
A42: 41 | B42: 勤業眾信聯合會計師事務所 | C42: Deloitte 勤業眾信 | D42: 彭詩玄 | E42: 台北總所 | F42: 台北市信義區松仁路100號20樓 | G42: 台北市信義區松仁路100號20樓 | I42: 113/06/19 | J42: 全聯會一字第1130000277號 | K42: 北市 | L42: 113/06/19 | M42: 4634 | N42: 2026-06-05 | O42: https://www.roccpa.org.tw/member_search/more?id=52FEF518-C483-4496-A6D6-9DF0EA6890CF
A43: 42 | B43: 勤業眾信聯合會計師事務所 | C43: Deloitte 勤業眾信 | D43: 徐曉婷 | E43: 台北總所 | F43: 台北市信義區松仁路100號20樓 | G43: 台北市信義區松仁路100號20樓 | I43: 105/06/01 | J43: 全聯會一字第1050256 | K43: 北市 | L43: 105/06/13 | M43: 3941 | N43: 2026-06-05 | O43: https://www.roccpa.org.tw/member_search/more?id=E3B79120-1085-455F-8DC3-174F37C816B4
A44: 43 | B44: 勤業眾信聯合會計師事務所 | C44: Deloitte 勤業眾信 | D44: 徐有德 | E44: 台北總所 | F44: 台北市信義區松仁路100號20樓 | G44: 台北市信義區松仁路100號20樓 | I44: 109/06/10 | J44: 全聯會一字第1090215 | K44: 北市 | L44: 109/06/10 | M44: 4254 | N44: 2026-06-05 | O44: https://www.roccpa.org.tw/member_search/more?id=D5EBC033-8431-4C5E-89C7-D9DE3B0E8EF0
A45: 44 | B45: 勤業眾信聯合會計師事務所 | C45: Deloitte 勤業眾信 | D45: 徐瑩瑩 | E45: 台北總所 | F45: 台北市信義區松仁路100號20樓 | G45: 台北市信義區松仁路100號20樓 | I45: 100/05/25 | J45: 全聯會一字第1000214 | K45: 北市 | L45: 100/06/07 | M45: 3361 | N45: 2026-06-05 | O45: https://www.roccpa.org.tw/member_search/more?id=6D12F464-D853-4E7F-92BA-CD42493CDD1F
A46: 45 | B46: 勤業眾信聯合會計師事務所 | C46: Deloitte 勤業眾信 | D46: 戴信維 | E46: 台北總所 | F46: 台北市信義區松仁路100號20樓 | G46: 台北市信義區松仁路100號20樓 | K46: 北市 | L46: 093/06/10 | M46: 2657 | N46: 2026-06-05 | O46: https://www.roccpa.org.tw/member_search/more?id=2AC97838-387B-4247-AE6C-6D00E5F1C3F1
A47: 46 | B47: 勤業眾信聯合會計師事務所 | C47: Deloitte 勤業眾信 | D47: 戴群倫 | E47: 台北總所 | F47: 台北市信義區松仁路100號20樓 | G47: 台北市信義區松仁路100號20樓 | I47: 110/06/09 | J47: 全聯會一字第1100234 | K47: 北市 | L47: 110/06/09 | M47: 4339 | N47: 2026-06-05 | O47: https://www.roccpa.org.tw/member_search/more?id=1AABF2DF-74B8-4157-8274-AAE12B32FF4D
A48: 47 | B48: 勤業眾信聯合會計師事務所 | C48: Deloitte 勤業眾信 | D48: 方涵妮 | E48: 台北總所 | F48: 台北市信義區松仁路100號20樓 | G48: 台北市信義區松仁路100號20樓 | I48: 109/06/10 | J48: 全聯會一字第1090213 | K48: 北市 | L48: 109/06/10 | M48: 4252 | N48: 2026-06-05 | O48: https://www.roccpa.org.tw/member_search/more?id=F38FD116-076D-4AA7-8B77-CCBB83766EF2
A49: 48 | B49: 勤業眾信聯合會計師事務所 | C49: Deloitte 勤業眾信 | D49: 施俊弘 | E49: 台北總所 | F49: 台北市信義區松仁路100號20樓 | G49: 台北市信義區松仁路100號20樓 | I49: 111/06/10 | J49: 全聯會一字第1110220 | K49: 北市 | L49: 111/06/10 | M49: 4432 | N49: 2026-06-05 | O49: https://www.roccpa.org.tw/member_search/more?id=4971E519-EABA-4380-91E8-EE81D10AD5D6
A50: 49 | B50: 勤業眾信聯合會計師事務所 | C50: Deloitte 勤業眾信 | D50: 施錦川 | E50: 台北總所 | F50: 台北市信義區松仁路100號20樓 | G50: 台北市信義區松仁路100號20樓 | K50: 北市 | L50: 093/06/10 | M50: 2646 | N50: 2026-06-05 | O50: https://www.roccpa.org.tw/member_search/more?id=3EE54349-E302-4F74-A8B9-9FF9680D001D
A51: 50 | B51: 勤業眾信聯合會計師事務所 | C51: Deloitte 勤業眾信 | D51: 曾建銘 | E51: 台北總所 | F51: 台北市信義區松仁路100號20樓 | G51: 台北市信義區松仁路100號20樓 | I51: 110/06/09 | J51: 全聯會一字第1100223 | K51: 北市 | L51: 110/06/09 | M51: 4328 | N51: 2026-06-05 | O51: https://www.roccpa.org.tw/member_search/more?id=9CD4A4F3-3155-47B2-9300-457A5470AED7
A52: 51 | B52: 勤業眾信聯合會計師事務所 | C52: Deloitte 勤業眾信 | D52: 李冠豪 | E52: 台北總所 | F52: 台北市信義區松仁路100號20樓 | G52: 台北市信義區松仁路100號20樓 | I52: 110/11/01 | J52: 全聯會一字第1100429 | K52: 北市 | L52: 110/11/01 | M52: 4377 | N52: 2026-06-05 | O52: https://www.roccpa.org.tw/member_search/more?id=C3D8A53A-95A5-4507-9B55-C29526546704
A53: 52 | B53: 勤業眾信聯合會計師事務所 | C53: Deloitte 勤業眾信 | D53: 李協昌 | E53: 台北總所 | F53: 台北市信義區松仁路100號20樓 | G53: 台北市信義區松仁路100號20樓 | I53: 113/06/19 | J53: 全聯會一字第1130000282號 | K53: 北市 | L53: 113/06/19 | M53: 4639 | N53: 2026-06-05 | O53: https://www.roccpa.org.tw/member_search/more?id=8799F601-0F5C-4A37-9960-7D57546C009F
A54: 53 | B54: 勤業眾信聯合會計師事務所 | C54: Deloitte 勤業眾信 | D54: 李嘉雯 | E54: 台北總所 | F54: 台北市信義區松仁路100號20樓 | G54: 台北市信義區松仁路100號20樓 | I54: 110/06/09 | J54: 全聯會一字第1100235 | K54: 北市 | L54: 110/06/09 | M54: 4340 | N54: 2026-06-05 | O54: https://www.roccpa.org.tw/member_search/more?id=3DB882A6-01AE-49FD-8D4E-16451F9054FB
A55: 54 | B55: 勤業眾信聯合會計師事務所 | C55: Deloitte 勤業眾信 | D55: 李惠先 | E55: 台北總所 | F55: 台北市信義區松仁路100號20樓 | G55: 台北市信義區松仁路100號20樓 | I55: 105/06/01 | J55: 全聯會一字第1050257 | K55: 北市 | L55: 105/06/13 | M55: 3942 | N55: 2026-06-05 | O55: https://www.roccpa.org.tw/member_search/more?id=19529D28-CB3C-483A-BDF5-BD60883E6788
A56: 55 | B56: 勤業眾信聯合會計師事務所 | C56: Deloitte 勤業眾信 | D56: 李東峰 | E56: 台北總所 | F56: 台北市信義區松仁路100號20樓 | G56: 台北市信義區松仁路100號20樓 | K56: 北市 | L56: 093/06/10 | M56: 2660 | N56: 2026-06-05 | O56: https://www.roccpa.org.tw/member_search/more?id=B4BFCA03-EAAF-48CC-9C4F-2FD77F712F00
A57: 56 | B57: 勤業眾信聯合會計師事務所 | C57: Deloitte 勤業眾信 | D57: 李柏廷 | E57: 台北總所 | F57: 台北市信義區松仁路100號20樓 | G57: 台北市信義區松仁路100號20樓 | I57: 115/06/15 | J57: 全聯會一字第1150000292號 | K57: 北市 | L57: 115/06/15 | M57: 4899 | N57: 2026-06-23 | O57: https://www.roccpa.org.tw/member_search/more?id=aed062bdf00544f7813b769597dfddf8
A58: 57 | B58: 勤業眾信聯合會計師事務所 | C58: Deloitte 勤業眾信 | D58: 李穗青 | E58: 台北總所 | F58: 台北市信義區松仁路100號20樓 | G58: 台北市信義區松仁路100號20樓 | I58: 110/06/09 | J58: 全聯會一字第1100229 | K58: 北市 | L58: 110/06/09 | M58: 4334 | N58: 2026-06-05 | O58: https://www.roccpa.org.tw/member_search/more?id=D94A8848-95D5-411F-A06A-7180684C7F8B
A59: 58 | B59: 勤業眾信聯合會計師事務所 | C59: Deloitte 勤業眾信 | D59: 李紹平 | E59: 台北總所 | F59: 台北市信義區松仁路100號20樓 | G59: 台北市信義區松仁路100號20樓 | I59: 103/05/30 | J59: 全聯會一字第1030216 | K59: 北市 | L59: 103/06/12 | M59: 3707 | N59: 2026-06-05 | O59: https://www.roccpa.org.tw/member_search/more?id=7F2788BF-80FE-4AC5-BDC0-C65EB6A70999
A60: 59 | B60: 勤業眾信聯合會計師事務所 | C60: Deloitte 勤業眾信 | D60: 李芸珊 | E60: 台北總所 | F60: 台北市信義區松仁路100號20樓 | G60: 台北市信義區松仁路100號20樓 | I60: 114/06/18 | J60: 全聯會一字第1140000244號 | K60: 北市 | L60: 114/06/18 | M60: 4728 | N60: 2026-06-05 | O60: https://www.roccpa.org.tw/member_search/more?id=3F90D3FB-2D03-41A4-97CE-BC9D3FEB81D3
A61: 60 | B61: 勤業眾信聯合會計師事務所 | C61: Deloitte 勤業眾信 | D61: 李麗凰 | E61: 台北總所 | F61: 台北市信義區松仁路100號20樓 | G61: 台北市信義區松仁路100號20樓 | K61: 北市 | L61: 093/06/10 | M61: 2650 | N61: 2026-06-05 | O61: https://www.roccpa.org.tw/member_search/more?id=E3A870D5-A501-4133-B9CC-C06C58DD1414
A62: 61 | B62: 勤業眾信聯合會計師事務所 | C62: Deloitte 勤業眾信 | D62: 林志偉 | E62: 台北總所 | F62: 台北市信義區松仁路100號20樓 | G62: 台北市信義區松仁路100號20樓 | I62: 113/06/19 | J62: 全聯會一字第1130000287號 | K62: 北市 | L62: 113/06/19 | M62: 4644 | N62: 2026-06-05 | O62: https://www.roccpa.org.tw/member_search/more?id=8FA72C42-FFD0-4B3D-8C48-13D855A0F9AE
A63: 62 | B63: 勤業眾信聯合會計師事務所 | C63: Deloitte 勤業眾信 | D63: 林旺生 | E63: 台北總所 | F63: 台北市信義區松仁路100號20樓 | G63: 台北市信義區松仁路100號20樓 | I63: 106/06/01 | J63: 全聯會一字第1060198 | K63: 北市 | L63: 106/06/13 | M63: 4020 | N63: 2026-06-05 | O63: https://www.roccpa.org.tw/member_search/more?id=A4751F9B-C322-4B01-BCA3-5EDD004F4D0D
A64: 63 | B64: 勤業眾信聯合會計師事務所 | C64: Deloitte 勤業眾信 | D64: 林淑如 | E64: 台北總所 | F64: 台北市信義區松仁路100號20樓 | G64: 台北市信義區松仁路100號20樓 | I64: 108/06/12 | J64: 全聯會一字第1080208 | K64: 北市 | L64: 108/06/12 | M64: 4172 | N64: 2026-06-05 | O64: https://www.roccpa.org.tw/member_search/more?id=83FF869A-7DFE-4D8B-80C2-461F9FF43D5D
A65: 64 | B65: 勤業眾信聯合會計師事務所 | C65: Deloitte 勤業眾信 | D65: 林淑婉 | E65: 台北總所 | F65: 台北市信義區松仁路100號20樓 | G65: 台北市信義區松仁路100號20樓 | K65: 北市 | L65: 093/11/17 | M65: 2693 | N65: 2026-06-05 | O65: https://www.roccpa.org.tw/member_search/more?id=A73166DC-C1A3-421A-9092-F352A7D66DA7
A66: 65 | B66: 勤業眾信聯合會計師事務所 | C66: Deloitte 勤業眾信 | D66: 林淑怡 | E66: 台北總所 | F66: 台北市信義區松仁路100號20樓 | G66: 台北市信義區松仁路100號20樓 | K66: 北市 | L66: 096/06/11 | M66: 2945 | N66: 2026-06-05 | O66: https://www.roccpa.org.tw/member_search/more?id=46A41D7C-7999-4FEE-A3C7-C3CC5C8832D1
A67: 66 | B67: 勤業眾信聯合會計師事務所 | C67: Deloitte 勤業眾信 | D67: 柯志賢 | E67: 台北總所 | F67: 台北市信義區松仁路100號20樓 | G67: 台北市信義區松仁路100號20樓 | K67: 北市 | L67: 093/11/17 | M67: 2696 | N67: 2026-06-05 | O67: https://www.roccpa.org.tw/member_search/more?id=4BC790DB-EA1B-4316-A20D-6EA4BD4800C0
A68: 67 | B68: 勤業眾信聯合會計師事務所 | C68: Deloitte 勤業眾信 | D68: 梁盛泰 | E68: 台北總所 | F68: 台北市信義區松仁路100號20樓 | G68: 台北市信義區松仁路100號20樓 | I68: 110/06/09 | J68: 全聯會一字第1100231 | K68: 北市 | L68: 110/06/09 | M68: 4336 | N68: 2026-06-05 | O68: https://www.roccpa.org.tw/member_search/more?id=DEBB4821-3D39-4E35-8D40-DCFC521F103A
A69: 68 | B69: 勤業眾信聯合會計師事務所 | C69: Deloitte 勤業眾信 | D69: 楊啟聖 | E69: 台北總所 | F69: 台北市信義區松仁路100號20樓 | G69: 台北市信義區松仁路100號20樓 | I69: 109/06/10 | J69: 全聯會一字第1090217 | K69: 北市 | L69: 109/06/10 | M69: 4256 | N69: 2026-06-05 | O69: https://www.roccpa.org.tw/member_search/more?id=4CB9F9F9-78D1-44C4-85E0-8996E0F008C9
A70: 69 | B70: 勤業眾信聯合會計師事務所 | C70: Deloitte 勤業眾信 | D70: 楊承修 | E70: 台北總所 | F70: 台北市信義區松仁路100號20樓 | G70: 台北市信義區松仁路100號20樓 | I70: 098/05/27 | J70: 全聯會一字第09800197 | K70: 北市 | L70: 098/06/11 | M70: 3123 | N70: 2026-06-05 | O70: https://www.roccpa.org.tw/member_search/more?id=F607E039-7264-466B-9BFE-B0C974257399
A71: 70 | B71: 勤業眾信聯合會計師事務所 | C71: Deloitte 勤業眾信 | D71: 楊靜婷 | E71: 台北總所 | F71: 台北市信義區松仁路100號20樓 | G71: 台北市信義區松仁路100號20樓 | K71: 北市 | L71: 093/06/10 | M71: 2652 | N71: 2026-06-05 | O71: https://www.roccpa.org.tw/member_search/more?id=FB859068-D9E2-4455-A9EE-AE9B4D837748
A72: 71 | B72: 勤業眾信聯合會計師事務所 | C72: Deloitte 勤業眾信 | D72: 江明南 | E72: 台北總所 | F72: 台北市信義區松仁路100號20樓 | G72: 台北市信義區松仁路100號20樓 | I72: 105/06/01 | J72: 全聯會一字第1050253 | K72: 北市 | L72: 105/06/13 | M72: 3940 | N72: 2026-06-05 | O72: https://www.roccpa.org.tw/member_search/more?id=9567C4E8-331A-477A-A1C0-1892BCEDFCC8
A73: 72 | B73: 勤業眾信聯合會計師事務所 | C73: Deloitte 勤業眾信 | D73: 江美艷 | E73: 台北總所 | F73: 台北市信義區松仁路100號20樓 | G73: 台北市信義區松仁路100號20樓 | K73: 北市 | L73: 093/06/24 | M73: 2663 | N73: 2026-06-05 | O73: https://www.roccpa.org.tw/member_search/more?id=2AC4052F-E3E2-42E6-A588-4971D8FC5A33
A74: 73 | B74: 勤業眾信聯合會計師事務所 | C74: Deloitte 勤業眾信 | D74: 江育維 | E74: 台北總所 | F74: 台北市信義區松仁路100號20樓 | G74: 台北市信義區松仁路100號20樓 | I74: 108/06/12 | J74: 全聯會一字第1080209 | K74: 北市 | L74: 108/06/12 | M74: 4173 | N74: 2026-06-05 | O74: https://www.roccpa.org.tw/member_search/more?id=77982608-BFED-4176-B762-3470CB12F125
A75: 74 | B75: 勤業眾信聯合會計師事務所 | C75: Deloitte 勤業眾信 | D75: 池瑞全 | E75: 台北總所 | F75: 台北市信義區松仁路100號20樓 | G75: 台北市信義區松仁路100號20樓 | K75: 北市 | L75: 090/01/10 | M75: 2332 | N75: 2026-06-05 | O75: https://www.roccpa.org.tw/member_search/more?id=9E41795E-C06C-4CAF-B2F1-F98638994DEA
A76: 75 | B76: 勤業眾信聯合會計師事務所 | C76: Deloitte 勤業眾信 | D76: 洪于婷 | E76: 台北總所 | F76: 台北市信義區松仁路100號20樓 | G76: 台北市信義區松仁路100號20樓 | I76: 109/06/10 | J76: 全聯會一字第1090216 | K76: 北市 | L76: 109/06/10 | M76: 4255 | N76: 2026-06-05 | O76: https://www.roccpa.org.tw/member_search/more?id=A0802C22-F4BA-4669-84FF-3E47DC587A7E
A77: 76 | B77: 勤業眾信聯合會計師事務所 | C77: Deloitte 勤業眾信 | D77: 洪以文 | E77: 台北總所 | F77: 台北市信義區松仁路100號20樓 | G77: 台北市信義區松仁路100號20樓 | I77: 114/06/18 | J77: 全聯會一字第1140000248號 | K77: 北市 | L77: 114/06/18 | M77: 4732 | N77: 2026-06-05 | O77: https://www.roccpa.org.tw/member_search/more?id=2B12203F-81B2-4B38-8489-CD8717965D11
A78: 77 | B78: 勤業眾信聯合會計師事務所 | C78: Deloitte 勤業眾信 | D78: 洪偉倫 | E78: 台北總所 | F78: 台北市信義區松仁路100號20樓 | G78: 台北市信義區松仁路100號20樓 | I78: 114/06/18 | J78: 全聯會一字第1140000245號 | K78: 北市 | L78: 114/06/18 | M78: 4729 | N78: 2026-06-05 | O78: https://www.roccpa.org.tw/member_search/more?id=70DD5F73-9EB0-43A4-AB4D-9FBAB6116236
A79: 78 | B79: 勤業眾信聯合會計師事務所 | C79: Deloitte 勤業眾信 | D79: 洪國田 | E79: 台北總所 | F79: 台北市信義區松仁路100號20樓 | G79: 台北市信義區松仁路100號20樓 | K79: 北市 | L79: 091/12/16 | M79: 2526 | N79: 2026-06-05 | O79: https://www.roccpa.org.tw/member_search/more?id=3BFBEB63-C463-4A2E-93A6-9EF4DFA17D7C
A80: 79 | B80: 勤業眾信聯合會計師事務所 | C80: Deloitte 勤業眾信 | D80: 洪玉美 | E80: 台北總所 | F80: 台北市信義區松仁路100號20樓 | G80: 台北市信義區松仁路100號20樓 | K80: 北市 | L80: 093/11/17 | M80: 2694 | N80: 2026-06-05 | O80: https://www.roccpa.org.tw/member_search/more?id=ADB36CAB-B3A7-4FF8-A7C1-DA9F415AA21D
A81: 80 | B81: 勤業眾信聯合會計師事務所 | C81: Deloitte 勤業眾信 | D81: 王儀雯 | E81: 台北總所 | F81: 台北市信義區松仁路100號20樓 | G81: 台北市信義區松仁路100號20樓 | I81: 098/05/27 | J81: 全聯會一字第09800196 | K81: 北市 | L81: 098/06/11 | M81: 3126 | N81: 2026-06-05 | O81: https://www.roccpa.org.tw/member_search/more?id=6B510B3E-3F6E-42B9-8CB3-2695E67727DA
A82: 81 | B82: 勤業眾信聯合會計師事務所 | C82: Deloitte 勤業眾信 | D82: 王攀發 | E82: 台北總所 | F82: 台北市信義區松仁路100號20樓 | G82: 台北市信義區松仁路100號20樓 | I82: 110/06/09 | J82: 全聯會一字第1100222 | K82: 北市 | L82: 110/06/09 | M82: 4327 | N82: 2026-06-05 | O82: https://www.roccpa.org.tw/member_search/more?id=E0DF0B17-CBC5-4D66-B2D3-A589CC5C0FC9
A83: 82 | B83: 勤業眾信聯合會計師事務所 | C83: Deloitte 勤業眾信 | D83: 王曉琪 | E83: 台北總所 | F83: 台北市信義區松仁路100號20樓 | G83: 台北市信義區松仁路100號20樓 | I83: 100/01/26 | J83: 全聯會一字第1000031 | K83: 北市 | L83: 100/03/08 | M83: 3322 | N83: 2026-06-05 | O83: https://www.roccpa.org.tw/member_search/more?id=EF810AA3-1461-49EE-94B0-91EBD085E7CD
A84: 83 | B84: 勤業眾信聯合會計師事務所 | C84: Deloitte 勤業眾信 | D84: 王浚宇 | E84: 台北總所 | F84: 台北市信義區松仁路100號20樓 | G84: 台北市信義區松仁路100號20樓 | I84: 112/06/08 | J84: 全聯會一字第1120222 | K84: 北市 | L84: 112/06/08 | M84: 4528 | N84: 2026-06-05 | O84: https://www.roccpa.org.tw/member_search/more?id=30388139-685D-4449-ADDF-ACD29862A8FE
A85: 84 | B85: 勤業眾信聯合會計師事務所 | C85: Deloitte 勤業眾信 | D85: 王珮眞 | E85: 台北總所 | F85: 台北市信義區松仁路100號20樓 | G85: 台北市信義區松仁路100號20樓 | I85: 113/06/19 | J85: 全聯會一字第1130000286號 | K85: 北市 | L85: 113/06/19 | M85: 4643 | N85: 2026-06-05 | O85: https://www.roccpa.org.tw/member_search/more?id=740A426E-EDC4-4D76-ACF0-031A4460EA6A
A86: 85 | B86: 勤業眾信聯合會計師事務所 | C86: Deloitte 勤業眾信 | D86: 王瑞鴻 | E86: 台北總所 | F86: 台北市信義區松仁路100號20樓 | G86: 台北市信義區松仁路100號20樓 | I86: 109/06/10 | J86: 全聯會一字第1090222 | K86: 北市 | L86: 109/06/10 | M86: 4261 | N86: 2026-06-05 | O86: https://www.roccpa.org.tw/member_search/more?id=EFCCD50F-0013-4233-8C39-5F629CB0E77B
A87: 86 | B87: 勤業眾信聯合會計師事務所 | C87: Deloitte 勤業眾信 | D87: 王翔民 | E87: 台北總所 | F87: 台北市信義區松仁路100號20樓 | G87: 台北市信義區松仁路100號20樓 | I87: 111/06/10 | J87: 全聯會一字第1110219 | K87: 北市 | L87: 111/06/10 | M87: 4431 | N87: 2026-06-05 | O87: https://www.roccpa.org.tw/member_search/more?id=216AB664-1B0A-4180-9A18-809A8FC90A5F
A88: 87 | B88: 勤業眾信聯合會計師事務所 | C88: Deloitte 勤業眾信 | D88: 簡嘉宏 | E88: 台北總所 | F88: 台北市信義區松仁路100號20樓 | G88: 台北市信義區松仁路100號20樓 | I88: 115/06/15 | J88: 全聯會一字第1150000294號 | K88: 北市 | L88: 115/06/15 | M88: 4902 | N88: 2026-06-23 | O88: https://www.roccpa.org.tw/member_search/more?id=28efaa67395b4518ba7fc27fb89f5503
A89: 88 | B89: 勤業眾信聯合會計師事務所 | C89: Deloitte 勤業眾信 | D89: 簡明彥 | E89: 台北總所 | F89: 台北市信義區松仁路100號20樓 | G89: 台北市信義區松仁路100號20樓 | I89: 100/05/25 | J89: 全聯會一字第1000211 | K89: 北市 | L89: 100/06/07 | M89: 3358 | N89: 2026-06-05 | O89: https://www.roccpa.org.tw/member_search/more?id=E12B970D-F3F1-4444-BB78-DC2CCEB91CC0
A90: 89 | B90: 勤業眾信聯合會計師事務所 | C90: Deloitte 勤業眾信 | D90: 翁博仁 | E90: 台北總所 | F90: 台北市信義區松仁路100號20樓 | G90: 台北市信義區松仁路100號20樓 | I90: 101/06/04 | J90: 全聯會一字第1010174 | K90: 北市 | L90: 101/06/14 | M90: 3466 | N90: 2026-06-05 | O90: https://www.roccpa.org.tw/member_search/more?id=3D4006ED-C989-4893-B61A-58473067256B
A91: 90 | B91: 勤業眾信聯合會計師事務所 | C91: Deloitte 勤業眾信 | D91: 翁雅玲 | E91: 台北總所 | F91: 台北市信義區松仁路100號20樓 | G91: 台北市信義區松仁路100號20樓 | I91: 102/06/03 | J91: 全聯會一字第1020214 | K91: 北市 | L91: 102/06/19 | M91: 3590 | N91: 2026-06-05 | O91: https://www.roccpa.org.tw/member_search/more?id=636CD3A8-D566-440B-ADE0-0CFB8D23261C
A92: 91 | B92: 勤業眾信聯合會計師事務所 | C92: Deloitte 勤業眾信 | D92: 胡家熀 | E92: 台北總所 | F92: 台北市信義區松仁路100號20樓 | G92: 台北市信義區松仁路100號20樓 | I92: 114/06/18 | J92: 全聯會一字第1140000239號 | K92: 北市 | L92: 114/06/18 | M92: 4723 | N92: 2026-06-05 | O92: https://www.roccpa.org.tw/member_search/more?id=73B27895-D369-4285-8339-45C487C59E00
... A104: 103 | B104: 勤業眾信聯合會計師事務所 | C104: Deloitte 勤業眾信 | D104: 蘇郁琇 | E104: 台北總所 | F104: 台北市信義區松仁路100號20樓 | G104: 台北市信義區松仁路100號20樓 | I104: 104/06/01 | J104: 全聯會一字第1040175 | K104: 北市 | L104: 104/07/01 | M104: 3841 | N104: 2026-06-05 | O104: https://www.roccpa.org.tw/member_search/more?id=536A1992-398B-457A-92D2-208123562E3F
A105: 104 | B105: 勤業眾信聯合會計師事務所 | C105: Deloitte 勤業眾信 | D105: 虞成全 | E105: 台北總所 | F105: 台北市信義區松仁路100號20樓 | G105: 台北市信義區松仁路100號20樓 | K105: 北市 | L105: 093/06/10 | M105: 2645 | N105: 2026-06-05 | O105: https://www.roccpa.org.tw/member_search/more?id=6A83004B-CB4B-44C5-BBE3-F459B29E46B8
A106: 105 | B106: 勤業眾信聯合會計師事務所 | C106: Deloitte 勤業眾信 | D106: 袁金蘭 | E106: 台北總所 | F106: 台北市信義區松仁路100號20樓 | G106: 台北市信義區松仁路100號20樓 | K106: 北市 | L106: 086/02/18 | M106: 1901 | N106: 2026-06-05 | O106: https://www.roccpa.org.tw/member_search/more?id=B6CDC3E5-E73C-4CA2-951D-13CAA8D50202
A107: 106 | B107: 勤業眾信聯合會計師事務所 | C107: Deloitte 勤業眾信 | D107: 褚世蘭 | E107: 台北總所 | F107: 台北市信義區松仁路100號20樓 | G107: 台北市信義區松仁路100號20樓 | I107: 112/06/08 | J107: 全聯會一字第1120223 | K107: 北市 | L107: 112/06/08 | M107: 4529 | N107: 2026-06-05 | O107: https://www.roccpa.org.tw/member_search/more?id=EB158624-2C3E-48C5-B84C-3EECC8E0B364
A108: 107 | B108: 勤業眾信聯合會計師事務所 | C108: Deloitte 勤業眾信 | D108: 許嘉銘 | E108: 台北總所 | F108: 台北市信義區松仁路100號20樓 | G108: 台北市信義區松仁路100號20樓 | I108: 109/06/10 | J108: 全聯會一字第1090220 | K108: 北市 | L108: 109/06/10 | M108: 4259 | N108: 2026-06-05 | O108: https://www.roccpa.org.tw/member_search/more?id=888ADCE9-0C22-4D7D-BA31-74553037AD6E
A109: 108 | B109: 勤業眾信聯合會計師事務所 | C109: Deloitte 勤業眾信 | D109: 許晉銘 | E109: 台北總所 | F109: 台北市信義區松仁路100號20樓 | G109: 台北市信義區松仁路100號20樓 | K109: 北市 | L109: 093/06/10 | M109: 2648 | N109: 2026-06-05 | O109: https://www.roccpa.org.tw/member_search/more?id=DBB022D6-28E3-4793-8586-7B8F494FFBAA
A110: 109 | B110: 勤業眾信聯合會計師事務所 | C110: Deloitte 勤業眾信 | D110: 許秀明 | E110: 台北總所 | F110: 台北市信義區松仁路100號20樓 | G110: 台北市信義區松仁路100號20樓 | K110: 北市 | L110: 087/11/17 | M110: 2100 | N110: 2026-06-05 | O110: https://www.roccpa.org.tw/member_search/more?id=0D81EFDA-ACB5-403A-A9A3-D1351F004EE8
A111: 110 | B111: 勤業眾信聯合會計師事務所 | C111: Deloitte 勤業眾信 | D111: 謝建新 | E111: 台北總所 | F111: 台北市信義區松仁路100號20樓 | G111: 台北市信義區松仁路100號20樓 | K111: 北市 | L111: 090/07/12 | M111: 2368 | N111: 2026-06-05 | O111: https://www.roccpa.org.tw/member_search/more?id=92811800-052E-4554-92DA-5CCCC102D00D
...

Sheet PwC 資誠
A1: 序號 | B1: 事務所名稱 | C1: 國際品牌 | D1: 會計師姓名 | E1: 所屬分所 | F1: 辦公室地址 | G1: 主事務所地址 | H1: 分事務所地址 | I1: 執業登記日期 | J1: 執業登記文號 | K1: 所屬公會 | L1: 入會日期 | M1: 會籍編號 | N1: 資料最後更新日 | O1: 明細連結
A2: 1 | B2: 資誠聯合會計師事務所 | C2: PwC 資誠 | D2: 于智帆 | E2: 台北總所 | F2: 台北市信義區基隆路一段333號27樓 | G2: 台北市信義區基隆路一段333號27樓 | I2: 111/07/01 | J2: 全聯會一字第1110258 | K2: 北市 | L2: 111/07/01 | M2: 4448 | N2: 2026-06-05 | O2: https://www.roccpa.org.tw/member_search/more?id=ADD9FA2F-90B1-4F0F-A67E-230F0A2C4CB4
A3: 2 | B3: 資誠聯合會計師事務所 | C3: PwC 資誠 | D3: 余正富 | E3: 台北總所 | F3: 台北市信義區基隆路一段333號27樓 | G3: 台北市信義區基隆路一段333號27樓 | I3: 113/07/01 | J3: 全聯會一字第1130000308號 | K3: 北市 | L3: 113/07/01 | M3: 4651 | N3: 2026-06-05 | O3: https://www.roccpa.org.tw/member_search/more?id=A0D371E4-5BA4-4FC7-B010-A6A839F706E3
A4: 3 | B4: 資誠聯合會計師事務所 | C4: PwC 資誠 | D4: 劉國佑 | E4: 台北總所 | F4: 台北市信義區基隆路一段333號27樓 | G4: 台北市信義區基隆路一段333號27樓 | K4: 北市 | L4: 094/08/19 | M4: 2777 | N4: 2026-06-05 | O4: https://www.roccpa.org.tw/member_search/more?id=C64B0BBB-A1D8-485C-828A-ED029C4C5247
A5: 4 | B5: 資誠聯合會計師事務所 | C5: PwC 資誠 | D5: 劉欣萍 | E5: 台北總所 | F5: 台北市信義區基隆路一段333號27樓 | G5: 台北市信義區基隆路一段333號27樓 | I5: 107/06/01 | J5: 全聯會一字第1070229 | K5: 北市 | L5: 107/06/01 | M5: 4100 | N5: 2026-06-05 | O5: https://www.roccpa.org.tw/member_search/more?id=AEA8C81F-46E2-46D2-A6BB-EB4D960956D2
A6: 5 | B6: 資誠聯合會計師事務所 | C6: PwC 資誠 | D6: 劉穎勳 | E6: 台北總所 | F6: 台北市信義區基隆路一段333號27樓 | G6: 台北市信義區基隆路一段333號27樓 | I6: 104/07/01 | J6: 全聯會一字第1040197 | K6: 高市 | L6: 104/07/06 | M6: 966 | N6: 2026-06-05 | O6: https://www.roccpa.org.tw/member_search/more?id=5E79CC7F-DE21-471F-BDBF-BDF2B2750F58
A7: 6 | B7: 資誠聯合會計師事務所 | C7: PwC 資誠 | D7: 吳仁杰 | E7: 台北總所 | F7: 台北市信義區基隆路一段333號27樓 | G7: 台北市信義區基隆路一段333號27樓 | I7: 112/06/15 | J7: 全聯會一字第1120234 | K7: 北市 | L7: 112/06/15 | M7: 4537 | N7: 2026-06-05 | O7: https://www.roccpa.org.tw/member_search/more?id=0CEEB349-8A0E-41CF-8B76-32932241B021
A8: 7 | B8: 資誠聯合會計師事務所 | C8: PwC 資誠 | D8: 吳偉臺 | E8: 台北總所 | F8: 台北市信義區基隆路一段333號27樓 | G8: 台北市信義區基隆路一段333號27樓 | I8: 106/01/09 | J8: 全聯會一字第1060038 | K8: 北市 | L8: 106/01/18 | M8: 3987 | N8: 2026-06-05 | O8: https://www.roccpa.org.tw/member_search/more?id=1CE1159C-AA51-4AD4-A020-AD1B88ED71F0
A9: 8 | B9: 資誠聯合會計師事務所 | C9: PwC 資誠 | D9: 吳尚燉 | E9: 台北總所 | F9: 台北市信義區基隆路一段333號27樓 | G9: 台北市信義區基隆路一段333號27樓 | I9: 110/06/15 | J9: 全聯會一字第1100238 | K9: 北市 | L9: 110/06/15 | M9: 4341 | N9: 2026-06-05 | O9: https://www.roccpa.org.tw/member_search/more?id=57044CB0-CA29-4D3B-8EB9-911576C9C3BA
A10: 9 | B10: 資誠聯合會計師事務所 | C10: PwC 資誠 | D10: 吳建志 | E10: 台北總所 | F10: 台北市信義區基隆路一段333號27樓 | G10: 台北市信義區基隆路一段333號27樓 | I10: 103/06/11 | J10: 全聯會一字第1030223 | K10: 高市 | L10: 103/06/25 | M10: 919 | N10: 2026-06-05 | O10: https://www.roccpa.org.tw/member_search/more?id=ECB5C458-9611-45A5-B206-B35D6A3ED3B3
A11: 10 | B11: 資誠聯合會計師事務所 | C11: PwC 資誠 | D11: 周筱姿 | E11: 台北總所 | F11: 台北市信義區基隆路一段333號27樓 | G11: 台北市信義區基隆路一段333號27樓 | K11: 北市 | L11: 085/09/17 | M11: 1833 | N11: 2026-06-05 | O11: https://www.roccpa.org.tw/member_search/more?id=14B33E5F-0C83-4FD6-95CA-8DD19B150B2C
A12: 11 | B12: 資誠聯合會計師事務所 | C12: PwC 資誠 | D12: 周莉莉 | E12: 台北總所 | F12: 台北市信義區基隆路一段333號27樓 | G12: 台北市信義區基隆路一段333號27樓 | I12: 104/07/01 | J12: 全聯會一字第1040196 | K12: 北市 | L12: 104/07/07 | M12: 3843 | N12: 2026-06-05 | O12: https://www.roccpa.org.tw/member_search/more?id=420783DE-5DCD-4324-8BC1-56CD315C9E66
A13: 12 | B13: 資誠聯合會計師事務所 | C13: PwC 資誠 | D13: 奧田健士 | E13: 台北總所 | F13: 台北市信義區基隆路一段333號27樓 | G13: 台北市信義區基隆路一段333號27樓 | I13: 110/02/01 | J13: 全聯會一字第1100055 | K13: 北市 | L13: 110/02/01 | M13: 4301 | N13: 2026-06-05 | O13: https://www.roccpa.org.tw/member_search/more?id=5BD4D921-884E-4340-A067-3ED6FF12DD85
A14: 13 | B14: 資誠聯合會計師事務所 | C14: PwC 資誠 | D14: 廖容翎 | E14: 台北總所 | F14: 台北市信義區基隆路一段333號27樓 | G14: 台北市信義區基隆路一段333號27樓 | I14: 112/06/15 | J14: 全聯會一字第1120236 | K14: 北市 | L14: 112/06/15 | M14: 4539 | N14: 2026-06-05 | O14: https://www.roccpa.org.tw/member_search/more?id=4615F950-C870-4BFE-B272-B3DDACA55B41
A15: 14 | B15: 資誠聯合會計師事務所 | C15: PwC 資誠 | D15: 廖福銘 | E15: 台北總所 | F15: 台北市信義區基隆路一段333號27樓 | G15: 台北市信義區基隆路一段333號27樓 | I15: 109/07/01 | J15: 全聯會一字第1090240 | K15: 北市 | L15: 109/07/01 | M15: 4263 | N15: 2026-06-05 | O15: https://www.roccpa.org.tw/member_search/more?id=BB108312-90E1-46B0-9831-FAB84B5825DE
A16: 15 | B16: 資誠聯合會計師事務所 | C16: PwC 資誠 | D16: 廖阿甚 | E16: 台北總所 | F16: 台北市信義區基隆路一段333號27樓 | G16: 台北市信義區基隆路一段333號27樓 | I16: 101/03/30 | J16: 全聯會一字第1010109 | K16: 高市 | L16: 101/06/26 | M16: 813 | N16: 2026-06-05 | O16: https://www.roccpa.org.tw/member_search/more?id=F800D243-56A1-4459-9EC3-2514C5740609
A17: 16 | B17: 資誠聯合會計師事務所 | C17: PwC 資誠 | D17: 張凱智 | E17: 台北總所 | F17: 台北市信義區基隆路一段333號27樓 | G17: 台北市信義區基隆路一段333號27樓 | I17: 111/08/01 | J17: 全聯會一字第1110311 | K17: 北市 | L17: 111/08/01 | M17: 4453 | N17: 2026-06-05 | O17: https://www.roccpa.org.tw/member_search/more?id=068B9D16-7683-4756-9F9D-D0D084A9982F
A18: 17 | B18: 資誠聯合會計師事務所 | C18: PwC 資誠 | D18: 張家荃 | E18: 台北總所 | F18: 台北市信義區基隆路一段333號27樓 | G18: 台北市信義區基隆路一段333號27樓 | I18: 114/07/01 | J18: 全聯會一字第1140000268號 | K18: 北市 | L18: 114/07/01 | M18: 4737 | N18: 2026-06-05 | O18: https://www.roccpa.org.tw/member_search/more?id=9AD3652A-72F1-4586-ADD5-845B0D902425
A19: 18 | B19: 資誠聯合會計師事務所 | C19: PwC 資誠 | D19: 張志安 | E19: 台北總所 | F19: 台北市信義區基隆路一段333號27樓 | G19: 台北市信義區基隆路一段333號27樓 | K19: 中市 | L19: 100/12/29 | M19: 288 | N19: 2026-06-05 | O19: https://www.roccpa.org.tw/member_search/more?id=332472A1-B02E-43F7-BA31-03FDD54569D4
A20: 19 | B20: 資誠聯合會計師事務所 | C20: PwC 資誠 | D20: 張淑瓊 | E20: 台北總所 | F20: 台北市信義區基隆路一段333號27樓 | G20: 台北市信義區基隆路一段333號27樓 | I20: 099/07/09 | J20: 全聯會一字第09900322 | K20: 北市 | L20: 099/07/19 | M20: 3245 | N20: 2026-06-05 | O20: https://www.roccpa.org.tw/member_search/more?id=EE7FC356-E1A2-4B7C-9458-7AEDD7535A7E
A21: 20 | B21: 資誠聯合會計師事務所 | C21: PwC 資誠 | D21: 張珍綺 | E21: 台北總所 | F21: 台北市信義區基隆路一段333號27樓 | G21: 台北市信義區基隆路一段333號27樓 | I21: 115/07/01 | J21: 全聯會一字第1150000324號 | K21: 北市 | L21: 115/07/01 | M21: 4912 | N21: 2026-07-06 | O21: https://www.roccpa.org.tw/member_search/more?id=dca64c68795c4e8999caf2a3d6ea4688
A22: 21 | B22: 資誠聯合會計師事務所 | C22: PwC 資誠 | D22: 張瑞婷 | E22: 台北總所 | F22: 台北市信義區基隆路一段333號27樓 | G22: 台北市信義區基隆路一段333號27樓 | I22: 107/06/01 | J22: 全聯會一字第1070227 | K22: 北市 | L22: 107/06/01 | M22: 4098 | N22: 2026-06-05 | O22: https://www.roccpa.org.tw/member_search/more?id=73D7038F-FAD5-4EA3-873E-53009AB2756A
A23: 22 | B23: 資誠聯合會計師事務所 | C23: PwC 資誠 | D23: 徐丞毅 | E23: 台北總所 | F23: 台北市信義區基隆路一段333號27樓 | G23: 台北市信義區基隆路一段333號27樓 | I23: 109/07/01 | J23: 全聯會一字第1090239 | K23: 北市 | L23: 109/07/01 | M23: 4262 | N23: 2026-06-05 | O23: https://www.roccpa.org.tw/member_search/more?id=74839B88-1FD8-4ADA-BA5A-5957D9785751
A24: 23 | B24: 資誠聯合會計師事務所 | C24: PwC 資誠 | D24: 徐明釧 | E24: 台北總所 | F24: 台北市信義區基隆路一段333號27樓 | G24: 台北市信義區基隆路一段333號27樓 | I24: 105/06/22 | J24: 全聯會一字第1050272 | K24: 北市 | L24: 105/07/21 | M24: 3944 | N24: 2026-06-05 | O24: https://www.roccpa.org.tw/member_search/more?id=D86185B7-A5D2-427B-B7F0-B769AB4A9E1E
A25: 24 | B25: 資誠聯合會計師事務所 | C25: PwC 資誠 | D25: 徐潔如 | E25: 台北總所 | F25: 台北市信義區基隆路一段333號27樓 | G25: 台北市信義區基隆路一段333號27樓 | I25: 110/06/15 | J25: 全聯會一字第1100239 | K25: 北市 | L25: 110/06/15 | M25: 4342 | N25: 2026-06-05 | O25: https://www.roccpa.org.tw/member_search/more?id=27C4F48A-33B6-417F-9A21-E926975A5473
A26: 25 | B26: 資誠聯合會計師事務所 | C26: PwC 資誠 | D26: 徐聖忠 | E26: 台北總所 | F26: 台北市信義區基隆路一段333號27樓 | G26: 台北市信義區基隆路一段333號27樓 | I26: 101/06/27 | J26: 全聯會一字第1010196 | K26: 北市 | L26: 101/07/06 | M26: 3477 | N26: 2026-06-05 | O26: https://www.roccpa.org.tw/member_search/more?id=66C7DBB9-2CAB-4DFC-A367-84EC067254E9
A27: 26 | B27: 資誠聯合會計師事務所 | C27: PwC 資誠 | D27: 徐麗珍 | E27: 台北總所 | F27: 台北市信義區基隆路一段333號27樓 | G27: 台北市信義區基隆路一段333號27樓 | K27: 北市 | L27: 094/08/19 | M27: 2778 | N27: 2026-06-05 | O27: https://www.roccpa.org.tw/member_search/more?id=DAB542FE-3AB5-4948-AD71-F0D241EC1165
A28: 27 | B28: 資誠聯合會計師事務所 | C28: PwC 資誠 | D28: 支秉鈞 | E28: 台北總所 | F28: 台北市信義區基隆路一段333號27樓 | G28: 台北市信義區基隆路一段333號27樓 | K28: 北市 | L28: 087/11/02 | M28: 2087 | N28: 2026-06-05 | O28: https://www.roccpa.org.tw/member_search/more?id=C3C4EFCE-A0AD-4229-BE5F-29E997D6E606
A29: 28 | B29: 資誠聯合會計師事務所 | C29: PwC 資誠 | D29: 文雅芳 | E29: 台北總所 | F29: 台北市信義區基隆路一段333號27樓 | G29: 台北市信義區基隆路一段333號27樓 | I29: 110/06/15 | J29: 全聯會一字第1100240 | K29: 北市 | L29: 110/06/15 | M29: 4343 | N29: 2026-06-05 | O29: https://www.roccpa.org.tw/member_search/more?id=DE57BFF4-7164-4A93-A425-1CE132EE8353
A30: 29 | B30: 資誠聯合會計師事務所 | C30: PwC 資誠 | D30: 施敏智 | E30: 台北總所 | F30: 台北市信義區基隆路一段333號27樓 | G30: 台北市信義區基隆路一段333號27樓 | I30: 110/07/19 | J30: 全聯會一字第1100285 | K30: 北市 | L30: 110/07/19 | M30: 4359 | N30: 2026-06-05 | O30: https://www.roccpa.org.tw/member_search/more?id=32F16146-FA80-4510-9F4D-5C6B952F3F91
A31: 30 | B31: 資誠聯合會計師事務所 | C31: PwC 資誠 | D31: 曾博昇 | E31: 台北總所 | F31: 台北市信義區基隆路一段333號27樓 | G31: 台北市信義區基隆路一段333號27樓 | I31: 105/06/22 | J31: 全聯會一字第1050274 | K31: 北市 | L31: 105/07/21 | M31: 3946 | N31: 2026-06-05 | O31: https://www.roccpa.org.tw/member_search/more?id=85A5842F-F961-46B2-A4A6-1B5EBEF3DDD0
A32: 31 | B32: 資誠聯合會計師事務所 | C32: PwC 資誠 | D32: 李南漢 | E32: 台北總所 | F32: 台北市信義區基隆路一段333號27樓 | G32: 台北市信義區基隆路一段333號27樓 | I32: 115/07/01 | J32: 全聯會一字第1150000326號 | K32: 北市 | L32: 115/07/01 | M32: 4914 | N32: 2026-07-06 | O32: https://www.roccpa.org.tw/member_search/more?id=581be078a8cc4cf68ba2413c163c548e
A33: 32 | B33: 資誠聯合會計師事務所 | C33: PwC 資誠 | D33: 李宜樺 | E33: 台北總所 | F33: 台北市信義區基隆路一段333號27樓 | G33: 台北市信義區基隆路一段333號27樓 | K33: 北市 | L33: 095/12/01 | M33: 2891 | N33: 2026-06-05 | O33: https://www.roccpa.org.tw/member_search/more?id=96A72699-413F-4ABD-8F4E-8443EFA3A16F
A34: 33 | B34: 資誠聯合會計師事務所 | C34: PwC 資誠 | D34: 李秀玲 | E34: 台北總所 | F34: 台北市信義區基隆路一段333號27樓 | G34: 台北市信義區基隆路一段333號27樓 | K34: 北市 | L34: 088/12/08 | M34: 2228 | N34: 2026-06-05 | O34: https://www.roccpa.org.tw/member_search/more?id=0E0B2E71-6A26-4EEA-9D1F-2CD61AA7ED89
A35: 34 | B35: 資誠聯合會計師事務所 | C35: PwC 資誠 | D35: 林一帆 | E35: 台北總所 | F35: 台北市信義區基隆路一段333號27樓 | G35: 台北市信義區基隆路一段333號27樓 | I35: 103/02/18 | J35: 全聯會一字第1030058 | K35: 北市 | L35: 103/03/03 | M35: 3666 | N35: 2026-06-05 | O35: https://www.roccpa.org.tw/member_search/more?id=0808AA7C-0DBE-49F9-8127-063EA682E918
A36: 35 | B36: 資誠聯合會計師事務所 | C36: PwC 資誠 | D36: 林佳鴻 | E36: 台北總所 | F36: 台北市信義區基隆路一段333號27樓 | G36: 台北市信義區基隆路一段333號27樓 | I36: 108/07/01 | J36: 全聯會一字第1080237 | K36: 北市 | L36: 108/07/01 | M36: 4175 | N36: 2026-06-05 | O36: https://www.roccpa.org.tw/member_search/more?id=B8017374-D404-476F-A063-EB849A2FAEFA
A37: 36 | B37: 資誠聯合會計師事務所 | C37: PwC 資誠 | D37: 林冠宏 | E37: 台北總所 | F37: 台北市信義區基隆路一段333號27樓 | G37: 台北市信義區基隆路一段333號27樓 | I37: 111/07/01 | J37: 全聯會一字第1110256 | K37: 北市 | L37: 111/07/01 | M37: 4446 | N37: 2026-06-05 | O37: https://www.roccpa.org.tw/member_search/more?id=A7966797-EF14-410C-8957-3545736BAAC0
A38: 37 | B38: 資誠聯合會計師事務所 | C38: PwC 資誠 | D38: 林巨峯 | E38: 台北總所 | F38: 台北市信義區基隆路一段333號27樓 | G38: 台北市信義區基隆路一段333號27樓 | I38: 106/06/01 | J38: 全聯會一字第1060208 | K38: 北市 | L38: 106/06/21 | M38: 4023 | N38: 2026-06-05 | O38: https://www.roccpa.org.tw/member_search/more?id=EA99C1C5-7715-4168-A109-F6E67DEA91D0
A39: 38 | B39: 資誠聯合會計師事務所 | C39: PwC 資誠 | D39: 林柏全 | E39: 台北總所 | F39: 台北市信義區基隆路一段333號27樓 | G39: 台北市信義區基隆路一段333號27樓 | I39: 110/06/15 | J39: 全聯會一字第110241 | K39: 北市 | L39: 110/06/15 | M39: 4344 | N39: 2026-06-05 | O39: https://www.roccpa.org.tw/member_search/more?id=48910A65-A944-442D-B8C1-E5B0961BD25B
A40: 39 | B40: 資誠聯合會計師事務所 | C40: PwC 資誠 | D40: 林永智 | E40: 台北總所 | F40: 台北市信義區基隆路一段333號27樓 | G40: 台北市信義區基隆路一段333號27樓 | I40: 105/06/22 | J40: 全聯會一字第1050275 | K40: 北市 | L40: 113/10/16 | M40: 4671 | N40: 2026-06-05 | O40: https://www.roccpa.org.tw/member_search/more?id=94DE7672-E2FE-4CB1-8141-1227BDF01E3C
A41: 40 | B41: 資誠聯合會計師事務所 | C41: PwC 資誠 | D41: 林瑟凱 | E41: 台北總所 | F41: 台北市信義區基隆路一段333號27樓 | G41: 台北市信義區基隆路一段333號27樓 | K41: 北市 | L41: 096/10/15 | M41: 2967 | N41: 2026-06-05 | O41: https://www.roccpa.org.tw/member_search/more?id=6FDEA493-9822-460A-90FB-48293036F646
A42: 41 | B42: 資誠聯合會計師事務所 | C42: PwC 資誠 | D42: 林瑩甄 | E42: 台北總所 | F42: 台北市信義區基隆路一段333號27樓 | G42: 台北市信義區基隆路一段333號27樓 | I42: 112/06/15 | J42: 全聯會一字第1120240 | K42: 北市 | L42: 112/06/15 | M42: 4543 | N42: 2026-06-05 | O42: https://www.roccpa.org.tw/member_search/more?id=B2AD46C6-81E3-4091-94AF-D3D593DBA59C
A43: 42 | B43: 資誠聯合會計師事務所 | C43: PwC 資誠 | D43: 林維琪 | E43: 台北總所 | F43: 台北市信義區基隆路一段333號27樓 | G43: 台北市信義區基隆路一段333號27樓 | I43: 106/06/01 | J43: 全聯會一字第1060204 | K43: 北市 | L43: 106/06/12 | M43: 4016 | N43: 2026-06-05 | O43: https://www.roccpa.org.tw/member_search/more?id=EB22986B-38AE-40E4-879D-8A51FE4DC441
A44: 43 | B44: 資誠聯合會計師事務所 | C44: PwC 資誠 | D44: 林雅慧 | E44: 台北總所 | F44: 台北市信義區基隆路一段333號27樓 | G44: 台北市信義區基隆路一段333號27樓 | I44: 107/06/01 | J44: 全聯會一字第1070225 | K44: 北市 | L44: 107/06/01 | M44: 4096 | N44: 2026-06-05 | O44: https://www.roccpa.org.tw/member_search/more?id=D80740F2-0F93-4413-833E-DA1326995BD1
A45: 44 | B45: 資誠聯合會計師事務所 | C45: PwC 資誠 | D45: 林雯瑜 | E45: 台北總所 | F45: 台北市信義區基隆路一段333號27樓 | G45: 台北市信義區基隆路一段333號27樓 | I45: 112/06/15 | J45: 全聯會一字第1120237 | K45: 北市 | L45: 112/06/15 | M45: 4540 | N45: 2026-06-05 | O45: https://www.roccpa.org.tw/member_search/more?id=C3F253DD-6A13-43B4-82EF-2A73AF02292B
A46: 45 | B46: 資誠聯合會計師事務所 | C46: PwC 資誠 | D46: 梁嬋女 | E46: 台北總所 | F46: 台北市信義區基隆路一段333號27樓 | G46: 台北市信義區基隆路一段333號27樓 | K46: 北市 | L46: 096/05/23 | M46: 2943 | N46: 2026-06-05 | O46: https://www.roccpa.org.tw/member_search/more?id=098CB1EE-905F-4570-BC12-0D86B27E8712
A47: 46 | B47: 資誠聯合會計師事務所 | C47: PwC 資誠 | D47: 梁益彰 | E47: 台北總所 | F47: 台北市信義區基隆路一段333號27樓 | G47: 台北市信義區基隆路一段333號27樓 | K47: 北市 | L47: 091/11/27 | M47: 2507 | N47: 2026-06-05 | O47: https://www.roccpa.org.tw/member_search/more?id=D95D5EBD-792D-43EC-BB57-AF134BC5E362
A48: 47 | B48: 資誠聯合會計師事務所 | C48: PwC 資誠 | D48: 梁華玲 | E48: 台北總所 | F48: 台北市信義區基隆路一段333號27樓 | G48: 台北市信義區基隆路一段333號27樓 | K48: 北市 | L48: 086/08/28 | M48: 1940 | N48: 2026-06-05 | O48: https://www.roccpa.org.tw/member_search/more?id=545CC8E3-B370-4EBF-9250-0CDB707B5868
A49: 48 | B49: 資誠聯合會計師事務所 | C49: PwC 資誠 | D49: 楊蕙慈 | E49: 台北總所 | F49: 台北市信義區基隆路一段333號27樓 | G49: 台北市信義區基隆路一段333號27樓 | I49: 113/07/01 | J49: 全聯會一字第1130000303號 | K49: 北市 | L49: 113/07/01 | M49: 4646 | N49: 2026-06-05 | O49: https://www.roccpa.org.tw/member_search/more?id=9DB93F0C-A4CC-42B0-8778-8B4020758322
A50: 49 | B50: 資誠聯合會計師事務所 | C50: PwC 資誠 | D50: 歐陽泓 | E50: 台北總所 | F50: 台北市信義區基隆路一段333號27樓 | G50: 台北市信義區基隆路一段333號27樓 | I50: 113/07/01 | J50: 全聯會一字第1130000305號 | K50: 北市 | L50: 113/07/01 | M50: 4648 | N50: 2026-06-05 | O50: https://www.roccpa.org.tw/member_search/more?id=7707937B-8423-47D0-8401-7BBB9B9844EE
A51: 50 | B51: 資誠聯合會計師事務所 | C51: PwC 資誠 | D51: 段士良 | E51: 台北總所 | F51: 台北市信義區基隆路一段333號27樓 | G51: 台北市信義區基隆路一段333號27樓 | I51: 101/07/09 | J51: 全聯會一字第1010214 | K51: 北市 | L51: 101/07/10 | M51: 3478 | N51: 2026-06-05 | O51: https://www.roccpa.org.tw/member_search/more?id=FC4D3003-09BB-4B26-870B-FAD823599A1D
A52: 51 | B52: 資誠聯合會計師事務所 | C52: PwC 資誠 | D52: 江怡馨 | E52: 台北總所 | F52: 台北市信義區基隆路一段333號27樓 | G52: 台北市信義區基隆路一段333號27樓 | I52: 115/07/01 | J52: 全聯會一字第1150000323號 | K52: 北市 | L52: 115/07/01 | M52: 4911 | N52: 2026-07-06 | O52: https://www.roccpa.org.tw/member_search/more?id=52403feb0c5f4851bc8ff3ed43ecebeb
A53: 52 | B53: 資誠聯合會計師事務所 | C53: PwC 資誠 | D53: 洪連盛 | E53: 台北總所 | F53: 台北市信義區基隆路一段333號27樓 | G53: 台北市信義區基隆路一段333號27樓 | I53: 103/06/11 | J53: 全聯會一字第1030224 | K53: 北市 | L53: 103/07/01 | M53: 3713 | N53: 2026-06-05 | O53: https://www.roccpa.org.tw/member_search/more?id=B918AF53-0BE5-4A0E-BF9D-74ADA285D2A8
A54: 53 | B54: 資誠聯合會計師事務所 | C54: PwC 資誠 | D54: 洪麗雀 | E54: 台北總所 | F54: 台北市信義區基隆路一段333號27樓 | G54: 台北市信義區基隆路一段333號27樓 | I54: 112/06/15 | J54: 全聯會一字第1120233 | K54: 北市 | L54: 112/06/15 | M54: 4536 | N54: 2026-06-05 | O54: https://www.roccpa.org.tw/member_search/more?id=63940C32-66F0-4772-88F4-F3FC574872A5
A55: 54 | B55: 資誠聯合會計師事務所 | C55: PwC 資誠 | D55: 涂展源 | E55: 台北總所 | F55: 台北市信義區基隆路一段333號27樓 | G55: 台北市信義區基隆路一段333號27樓 | I55: 112/06/15 | J55: 全聯會一字第1120235 | K55: 北市 | L55: 112/06/15 | M55: 4538 | N55: 2026-06-05 | O55: https://www.roccpa.org.tw/member_search/more?id=62A2FB57-959B-4B15-A720-72D24C95E4D4
A56: 55 | B56: 資誠聯合會計師事務所 | C56: PwC 資誠 | D56: 潘慧玲 | E56: 台北總所 | F56: 台北市信義區基隆路一段333號27樓 | G56: 台北市信義區基隆路一段333號27樓 | K56: 北市 | L56: 088/07/19 | M56: 2165 | N56: 2026-06-05 | O56: https://www.roccpa.org.tw/member_search/more?id=66B6420C-2661-4196-83AB-F105073EF05B
A57: 56 | B57: 資誠聯合會計師事務所 | C57: PwC 資誠 | D57: 王國華 | E57: 台北總所 | F57: 台北市信義區基隆路一段333號27樓 | G57: 台北市信義區基隆路一段333號27樓 | K57: 高市 | L57: 087/06/29 | M57: 400 | N57: 2026-06-05 | O57: https://www.roccpa.org.tw/member_search/more?id=82131B07-EF6A-4011-80F1-81AF9880BB23
A58: 57 | B58: 資誠聯合會計師事務所 | C58: PwC 資誠 | D58: 王方瑜 | E58: 台北總所 | F58: 台北市信義區基隆路一段333號27樓 | G58: 台北市信義區基隆路一段333號27樓 | I58: 103/06/11 | J58: 全聯會一字第1030225 | K58: 北市 | L58: 103/07/01 | M58: 3712 | N58: 2026-06-05 | O58: https://www.roccpa.org.tw/member_search/more?id=0A548F5A-49CC-46B9-A40D-6731879D98A4
A59: 58 | B59: 資誠聯合會計師事務所 | C59: PwC 資誠 | D59: 王昱欣 | E59: 台北總所 | F59: 台北市信義區基隆路一段333號27樓 | G59: 台北市信義區基隆路一段333號27樓 | I59: 113/07/01 | J59: 全聯會一字第1130000309號 | K59: 北市 | L59: 113/07/01 | M59: 4652 | N59: 2026-06-05 | O59: https://www.roccpa.org.tw/member_search/more?id=B5284EFE-A3CE-4ABD-9ED6-7E6791B4DA6A
A60: 59 | B60: 資誠聯合會計師事務所 | C60: PwC 資誠 | D60: 王菘澤 | E60: 台北總所 | F60: 台北市信義區基隆路一段333號27樓 | G60: 台北市信義區基隆路一段333號27樓 | I60: 111/07/01 | J60: 全聯會一字第1110254 | K60: 北市 | L60: 111/07/01 | M60: 4444 | N60: 2026-06-05 | O60: https://www.roccpa.org.tw/member_search/more?id=70CB3729-7C47-442D-8846-1AD7DC1D76A1
A61: 60 | B61: 資誠聯合會計師事務所 | C61: PwC 資誠 | D61: 王銘義 | E61: 台北總所 | F61: 台北市信義區基隆路一段333號27樓 | G61: 台北市信義區基隆路一段333號27樓 | I61: 114/07/01 | J61: 全聯會一字第1140000269號 | K61: 北市 | L61: 114/07/01 | M61: 4738 | N61: 2026-06-05 | O61: https://www.roccpa.org.tw/member_search/more?id=055AB5DB-6ACF-47E5-AE15-5D5BE68DB8C7
A62: 61 | B62: 資誠聯合會計師事務所 | C62: PwC 資誠 | D62: 簡汎亞 | E62: 台北總所 | F62: 台北市信義區基隆路一段333號27樓 | G62: 台北市信義區基隆路一段333號27樓 | I62: 107/06/01 | J62: 全聯會一字第1070228 | K62: 北市 | L62: 107/06/01 | M62: 4099 | N62: 2026-06-05 | O62: https://www.roccpa.org.tw/member_search/more?id=27C68C61-0AC4-4842-A729-3D961A432B20
A63: 62 | B63: 資誠聯合會計師事務所 | C63: PwC 資誠 | D63: 紀淑梅 | E63: 台北總所 | F63: 台北市信義區基隆路一段333號27樓 | G63: 台北市信義區基隆路一段333號27樓 | I63: 104/02/17 | J63: 全聯會一字第1040081 | K63: 北市 | L63: 104/03/03 | M63: 3803 | N63: 2026-06-05 | O63: https://www.roccpa.org.tw/member_search/more?id=BBC5A94F-9AC2-490C-B3A4-C5E9D8313A39
A64: 63 | B64: 資誠聯合會計師事務所 | C64: PwC 資誠 | D64: 羅蕉森 | E64: 台北總所 | F64: 台北市信義區基隆路一段333號27樓 | G64: 台北市信義區基隆路一段333號27樓 | I64: 107/06/01 | J64: 全聯會一字第1070226 | K64: 北市 | L64: 107/06/01 | M64: 4097 | N64: 2026-06-05 | O64: https://www.roccpa.org.tw/member_search/more?id=6BF11A38-0870-4A3E-8F1B-20081141553E
A65: 64 | B65: 資誠聯合會計師事務所 | C65: PwC 資誠 | D65: 胡友貞 | E65: 台北總所 | F65: 台北市信義區基隆路一段333號27樓 | G65: 台北市信義區基隆路一段333號27樓 | I65: 110/06/15 | J65: 全聯會一字第1100243 | K65: 北市 | L65: 110/06/15 | M65: 4346 | N65: 2026-06-05 | O65: https://www.roccpa.org.tw/member_search/more?id=F6466966-38A2-4608-BD9C-6AF2201BB7EB
A66: 65 | B66: 資誠聯合會計師事務所 | C66: PwC 資誠 | D66: 胡智華 | E66: 台北總所 | F66: 台北市信義區基隆路一段333號27樓 | G66: 台北市信義區基隆路一段333號27樓 | I66: 112/06/15 | J66: 全聯會一字第1120239 | K66: 北市 | L66: 112/06/15 | M66: 4542 | N66: 2026-06-05 | O66: https://www.roccpa.org.tw/member_search/more?id=19C8960E-9C3F-481E-B4E9-F0FBC35E9B7C
A67: 66 | B67: 資誠聯合會計師事務所 | C67: PwC 資誠 | D67: 范香琴 | E67: 台北總所 | F67: 台北市信義區基隆路一段333號27樓 | G67: 台北市信義區基隆路一段333號27樓 | I67: 109/07/01 | J67: 全聯會一字第1090241 | K67: 北市 | L67: 109/07/01 | M67: 4264 | N67: 2026-06-05 | O67: https://www.roccpa.org.tw/member_search/more?id=9F027515-642E-4F61-8F64-1CEBE41EE568
A68: 67 | B68: 資誠聯合會計師事務所 | C68: PwC 資誠 | D68: 葉翠苗 | E68: 台北總所 | F68: 台北市信義區基隆路一段333號27樓 | G68: 台北市信義區基隆路一段333號27樓 | K68: 北市 | L68: 095/12/01 | M68: 2890 | N68: 2026-06-05 | O68: https://www.roccpa.org.tw/member_search/more?id=68232659-A889-4B55-8720-9B7681F47A65
A69: 68 | B69: 資誠聯合會計師事務所 | C69: PwC 資誠 | D69: 蔡亦臺 | E69: 台北總所 | F69: 台北市信義區基隆路一段333號27樓 | G69: 台北市信義區基隆路一段333號27樓 | I69: 108/07/01 | J69: 全聯會一字第1080239 | K69: 北市 | L69: 108/07/01 | M69: 4177 | N69: 2026-06-05 | O69: https://www.roccpa.org.tw/member_search/more?id=66C64700-F50B-44D8-B9CA-B17CA9037DF9
A70: 69 | B70: 資誠聯合會計師事務所 | C70: PwC 資誠 | D70: 蔡怡歆 | E70: 台北總所 | F70: 台北市信義區基隆路一段333號27樓 | G70: 台北市信義區基隆路一段333號27樓 | I70: 113/04/01 | J70: 全聯會一字第1130000167號 | K70: 北市 | L70: 113/04/01 | M70: 4614 | N70: 2026-06-05 | O70: https://www.roccpa.org.tw/member_search/more?id=A50B5EB0-CB1A-4E8F-B49B-BAB2B45DA299
A71: 70 | B71: 資誠聯合會計師事務所 | C71: PwC 資誠 | D71: 蔡晏潭 | E71: 台北總所 | F71: 台北市信義區基隆路一段333號27樓 | G71: 台北市信義區基隆路一段333號27樓 | I71: 108/07/01 | J71: 全聯會一字第1080240 | K71: 北市 | L71: 108/07/01 | M71: 4178 | N71: 2026-06-05 | O71: https://www.roccpa.org.tw/member_search/more?id=F6230226-2206-41A9-BB4F-BCC396865CB8
A72: 71 | B72: 資誠聯合會計師事務所 | C72: PwC 資誠 | D72: 蔡蓓華 | E72: 台北總所 | F72: 台北市信義區基隆路一段333號27樓 | G72: 台北市信義區基隆路一段333號27樓 | I72: 113/07/01 | J72: 全聯會一字第1130000306號 | K72: 北市 | L72: 113/07/01 | M72: 4649 | N72: 2026-06-05 | O72: https://www.roccpa.org.tw/member_search/more?id=A6F0A159-4DC8-4683-8220-9B88EA6AAAE8
A73: 72 | B73: 資誠聯合會計師事務所 | C73: PwC 資誠 | D73: 蕭春鴛 | E73: 台北總所 | F73: 台北市信義區基隆路一段333號27樓 | G73: 台北市信義區基隆路一段333號27樓 | K73: 北市 | L73: 096/05/23 | M73: 2942 | N73: 2026-06-05 | O73: https://www.roccpa.org.tw/member_search/more?id=0FF47265-043C-4546-B163-1A10FFA9C69A
A74: 73 | B74: 資誠聯合會計師事務所 | C74: PwC 資誠 | D74: 許祺昌 | E74: 台北總所 | F74: 台北市信義區基隆路一段333號27樓 | G74: 台北市信義區基隆路一段333號27樓 | K74: 北市 | L74: 089/03/13 | M74: 2257 | N74: 2026-06-05 | O74: https://www.roccpa.org.tw/member_search/more?id=17D29B96-EE8E-4B71-BB37-DA2A1CEBC367
A75: 74 | B75: 資誠聯合會計師事務所 | C75: PwC 資誠 | D75: 謝智政 | E75: 台北總所 | F75: 台北市信義區基隆路一段333號27樓 | G75: 台北市信義區基隆路一段333號27樓 | I75: 099/07/09 | J75: 全聯會一字第09900323 | K75: 北市 | L75: 099/07/19 | M75: 3246 | N75: 2026-06-05 | O75: https://www.roccpa.org.tw/member_search/more?id=BB4BCAA1-8364-415D-B0DC-B47940977654
A76: 75 | B76: 資誠聯合會計師事務所 | C76: PwC 資誠 | D76: 謝淑美 | E76: 台北總所 | F76: 台北市信義區基隆路一段333號27樓 | G76: 台北市信義區基隆路一段333號27樓 | I76: 097/10/30 | J76: 全聯會一字第09700110 | K76: 北市 | L76: 097/09/12 | M76: 3034 | N76: 2026-06-05 | O76: https://www.roccpa.org.tw/member_search/more?id=4C180D06-7BDD-4F5D-A88C-A89C43495B43
A77: 76 | B77: 資誠聯合會計師事務所 | C77: PwC 資誠 | D77: 謝瑋莉 | E77: 台北總所 | F77: 台北市信義區基隆路一段333號27樓 | G77: 台北市信義區基隆路一段333號27樓 | I77: 114/07/01 | J77: 全聯會一字第1140000270號 | K77: 北市 | L77: 114/07/01 | M77: 4739 | N77: 2026-06-05 | O77: https://www.roccpa.org.tw/member_search/more?id=9E9E1E7E-49B3-4B5C-A5E9-CC9C51D96245
A78: 77 | B78: 資誠聯合會計師事務所 | C78: PwC 資誠 | D78: 賴宗羲 | E78: 台北總所 | F78: 台北市信義區基隆路一段333號27樓 | G78: 台北市信義區基隆路一段333號27樓 | K78: 北市 | L78: 085/12/27 | M78: 1886 | N78: 2026-06-05 | O78: https://www.roccpa.org.tw/member_search/more?id=A62019E1-CDE7-432E-9940-38FCEB13FABA
A79: 78 | B79: 資誠聯合會計師事務所 | C79: PwC 資誠 | D79: 趙永潔 | E79: 台北總所 | F79: 台北市信義區基隆路一段333號27樓 | G79: 台北市信義區基隆路一段333號27樓 | I79: 111/07/01 | J79: 全聯會一字第1110255 | K79: 北市 | L79: 111/07/01 | M79: 4445 | N79: 2026-06-05 | O79: https://www.roccpa.org.tw/member_search/more?id=52EAFB03-CEB5-40A1-91CF-45A7D6EB1CCF
A80: 79 | B80: 資誠聯合會計師事務所 | C80: PwC 資誠 | D80: 邱奕銜 | E80: 台北總所 | F80: 台北市信義區基隆路一段333號27樓 | G80: 台北市信義區基隆路一段333號27樓 | I80: 114/07/01 | J80: 全聯會一字第1140000271號 | K80: 北市 | L80: 114/07/01 | M80: 4740 | N80: 2026-06-05 | O80: https://www.roccpa.org.tw/member_search/more?id=E4337AF5-B9F3-42CF-B166-F55AEA8F21B3
A81: 80 | B81: 資誠聯合會計師事務所 | C81: PwC 資誠 | D81: 邱昭賢 | E81: 台北總所 | F81: 台北市信義區基隆路一段333號27樓 | G81: 台北市信義區基隆路一段333號27樓 | I81: 101/06/27 | J81: 全聯會一字第1010195 | K81: 北市 | L81: 101/07/06 | M81: 3476 | N81: 2026-06-05 | O81: https://www.roccpa.org.tw/member_search/more?id=C5EBBAE3-BA88-45A3-B7A0-0F3821DAD789
A82: 81 | B82: 資誠聯合會計師事務所 | C82: PwC 資誠 | D82: 郭加龍 | E82: 台北總所 | F82: 台北市信義區基隆路一段333號27樓 | G82: 台北市信義區基隆路一段333號27樓 | I82: 111/07/01 | J82: 全聯會一字第1110257 | K82: 北市 | L82: 111/07/01 | M82: 4447 | N82: 2026-06-05 | O82: https://www.roccpa.org.tw/member_search/more?id=77C25E26-5F0C-49A7-862F-616821D670B5
A83: 82 | B83: 資誠聯合會計師事務所 | C83: PwC 資誠 | D83: 郭柏如 | E83: 台北總所 | F83: 台北市信義區基隆路一段333號27樓 | G83: 台北市信義區基隆路一段333號27樓 | I83: 100/07/01 | J83: 全聯會一字第1000259 | K83: 北市 | L83: 100/07/06 | M83: 3368 | N83: 2026-06-05 | O83: https://www.roccpa.org.tw/member_search/more?id=C690DDCB-3175-433C-95DE-95607AC982EC
A84: 83 | B84: 資誠聯合會計師事務所 | C84: PwC 資誠 | D84: 鄧聖偉 | E84: 台北總所 | F84: 台北市信義區基隆路一段333號27樓 | G84: 台北市信義區基隆路一段333號27樓 | I84: 102/03/25 | J84: 全聯會一字第1020141 | K84: 北市 | L84: 102/04/01 | M84: 3561 | N84: 2026-06-05 | O84: https://www.roccpa.org.tw/member_search/more?id=E242FFD1-DB68-4FD2-88C6-649814B9ED28
A85: 84 | B85: 資誠聯合會計師事務所 | C85: PwC 資誠 | D85: 鄭裕仁 | E85: 台北總所 | F85: 台北市信義區基隆路一段333號27樓 | G85: 台北市信義區基隆路一段333號27樓 | I85: 113/07/01 | J85: 全聯會一字第1130000307號 | K85: 北市 | L85: 113/07/01 | M85: 4650 | N85: 2026-06-05 | O85: https://www.roccpa.org.tw/member_search/more?id=9823DBBA-6DF3-48F0-8954-D2DED867BADD
A86: 85 | B86: 資誠聯合會計師事務所 | C86: PwC 資誠 | D86: 鍾佳縈 | E86: 台北總所 | F86: 台北市信義區基隆路一段333號27樓 | G86: 台北市信義區基隆路一段333號27樓 | I86: 113/07/01 | J86: 全聯會一字第1130000304號 | K86: 北市 | L86: 113/07/01 | M86: 4647 | N86: 2026-06-05 | O86: https://www.roccpa.org.tw/member_search/more?id=FF8ED5AF-333E-4DFB-9398-C65728B5E816
A87: 86 | B87: 資誠聯合會計師事務所 | C87: PwC 資誠 | D87: 阮呂曼玉 | E87: 台北總所 | F87: 台北市信義區基隆路一段333號27樓 | G87: 台北市信義區基隆路一段333號27樓 | K87: 北市 | L87: 094/03/24 | M87: 2735 | N87: 2026-06-05 | O87: https://www.roccpa.org.tw/member_search/more?id=F784CB12-F8E9-42A3-833D-682D07E856E6
A88: 87 | B88: 資誠聯合會計師事務所 | C88: PwC 資誠 | D88: 陳以謙 | E88: 台北總所 | F88: 台北市信義區基隆路一段333號27樓 | G88: 台北市信義區基隆路一段333號27樓 | I88: 111/07/01 | J88: 全聯會一字第1110259 | K88: 北市 | L88: 111/07/01 | M88: 4449 | N88: 2026-06-05 | O88: https://www.roccpa.org.tw/member_search/more?id=826AD852-5975-4E7B-B74D-4D929203D25A
A89: 88 | B89: 資誠聯合會計師事務所 | C89: PwC 資誠 | D89: 陳啓東 | E89: 台北總所 | F89: 台北市信義區基隆路一段333號27樓 | G89: 台北市信義區基隆路一段333號27樓 | I89: 113/07/01 | J89: 全聯會一字第1130000302號 | K89: 北市 | L89: 113/07/01 | M89: 4645 | N89: 2026-06-05 | O89: https://www.roccpa.org.tw/member_search/more?id=CC82D49A-D6C0-4787-B73D-2E36BE1898AD
A90: 89 | B90: 資誠聯合會計師事務所 | C90: PwC 資誠 | D90: 陳怡婷 | E90: 台北總所 | F90: 台北市信義區基隆路一段333號27樓 | G90: 台北市信義區基隆路一段333號27樓 | I90: 115/07/01 | J90: 全聯會一字第1150000325號 | K90: 北市 | L90: 115/07/01 | M90: 4913 | N90: 2026-07-06 | O90: https://www.roccpa.org.tw/member_search/more?id=50387aa524e14647a39446a4bd42cfda
A91: 90 | B91: 資誠聯合會計師事務所 | C91: PwC 資誠 | D91: 陳惠君 | E91: 台北總所 | F91: 台北市信義區基隆路一段333號27樓 | G91: 台北市信義區基隆路一段333號27樓 | I91: 114/07/01 | J91: 全聯會一字第1140000267號 | K91: 北市 | L91: 114/07/01 | M91: 4736 | N91: 2026-06-05 | O91: https://www.roccpa.org.tw/member_search/more?id=6CAD7CFD-3685-4423-A04B-79B45DC0F4C4
A92: 91 | B92: 資誠聯合會計師事務所 | C92: PwC 資誠 | D92: 陳憲正 | E92: 台北總所 | F92: 台北市信義區基隆路一段333號27樓 | G92: 台北市信義區基隆路一段333號27樓 | I92: 106/06/01 | J92: 全聯會一字第1060206 | K92: 北市 | L92: 106/06/12 | M92: 4017 | N92: 2026-06-05 | O92: https://www.roccpa.org.tw/member_search/more?id=A5DC6211-71DE-43E2-A4D4-221E4B87FDFC
A93: 92 | B93: 資誠聯合會計師事務所 | C93: PwC 資誠 | D93: 陳晉昌 | E93: 台北總所 | F93: 台北市信義區基隆路一段333號27樓 | G93: 台北市信義區基隆路一段333號27樓 | I93: 106/06/01 | J93: 全聯會一字第1060207 | K93: 北市 | L93: 106/06/12 | M93: 4018 | N93: 2026-06-05 | O93: https://www.roccpa.org.tw/member_search/more?id=0023E7AC-A8D9-4EEA-9206-D3C705F9B61F
A94: 93 | B94: 資誠聯合會計師事務所 | C94: PwC 資誠 | D94: 陳民卿 | E94: 台北總所 | F94: 台北市信義區基隆路一段333號27樓 | G94: 台北市信義區基隆路一段333號27樓 | I94: 112/06/15 | J94: 全聯會一字第1120238 | K94: 北市 | L94: 112/06/15 | M94: 4541 | N94: 2026-06-05 | O94: https://www.roccpa.org.tw/member_search/more?id=60B539BC-A993-4F03-90B7-E9B61377744F
A95: 94 | B95: 資誠聯合會計師事務所 | C95: PwC 資誠 | D95: 陳麗媛 | E95: 台北總所 | F95: 台北市信義區基隆路一段333號27樓 | G95: 台北市信義區基隆路一段333號27樓 | I95: 105/06/22 | J95: 全聯會一字第1050273 | K95: 北市 | L95: 105/07/21 | M95: 3945 | N95: 2026-06-05 | O95: https://www.roccpa.org.tw/member_search/more?id=552DAD40-6B71-4921-B6E3-60BF6A51D078
A96: 95 | B96: 資誠聯合會計師事務所 | C96: PwC 資誠 | D96: 顏裕芳 | E96: 台北總所 | F96: 台北市信義區基隆路一段333號27樓 | G96: 台北市信義區基隆路一段333號27樓 | I96: 108/07/01 | J96: 全聯會一字第1080238 | K96: 北市 | L96: 108/07/01 | M96: 4176 | N96: 2026-06-05 | O96: https://www.roccpa.org.tw/member_search/more?id=98046DBF-C5C7-454F-A059-4AA772C256C1
A97: 96 | B97: 資誠聯合會計師事務所 | C97: PwC 資誠 | D97: 馮敏娟 | E97: 台北總所 | F97: 台北市信義區基隆路一段333號27樓 | G97: 台北市信義區基隆路一段333號27樓 | K97: 北市 | L97: 090/02/26 | M97: 2341 | N97: 2026-06-05 | O97: https://www.roccpa.org.tw/member_search/more?id=C1261D27-8AE4-4CA0-B29B-CB1AB5D9817A
A98: 97 | B98: 資誠聯合會計師事務所 | C98: PwC 資誠 | D98: 黃世鈞 | E98: 台北總所 | F98: 台北市信義區基隆路一段333號27樓 | G98: 台北市信義區基隆路一段333號27樓 | I98: 105/06/22 | J98: 全聯會一字第1050271 | K98: 北市 | L98: 105/07/21 | M98: 3943 | N98: 2026-06-05 | O98: https://www.roccpa.org.tw/member_search/more?id=E1D2D11B-B3A8-4E5D-9DDA-860213B26BDD
A99: 98 | B99: 資誠聯合會計師事務所 | C99: PwC 資誠 | D99: 黃文利 | E99: 台北總所 | F99: 台北市信義區基隆路一段333號27樓 | G99: 台北市信義區基隆路一段333號27樓 | I99: 101/07/09 | J99: 全聯會一字第1010215 | K99: 北市 | L99: 101/07/10 | M99: 3479 | N99: 2026-06-05 | O99: https://www.roccpa.org.tw/member_search/more?id=C55A1810-2E1B-4E13-8DEE-F695BB89E4D8
A100: 99 | B100: 資誠聯合會計師事務所 | C100: PwC 資誠 | D100: 黃清衍 | E100: 台北總所 | F100: 台北市信義區基隆路一段333號27樓 | G100: 台北市信義區基隆路一段333號27樓 | I100: 110/06/15 | J100: 全聯會一字第1100242 | K100: 北市 | L100: 110/06/15 | M100: 4345 | N100: 2026-06-05 | O100: https://www.roccpa.org.tw/member_search/more?id=91467E4C-527A-4C5C-91F0-73B256B064CC
...

Sheet KPMG 安侯建業
A1: 序號 | B1: 事務所名稱 | C1: 國際品牌 | D1: 會計師姓名 | E1: 所屬分所 | F1: 辦公室地址 | G1: 主事務所地址 | H1: 分事務所地址 | I1: 執業登記日期 | J1: 執業登記文號 | K1: 所屬公會 | L1: 入會日期 | M1: 會籍編號 | N1: 資料最後更新日 | O1: 明細連結
A2: 1 | B2: 安侯建業聯合會計師事務所 | C2: KPMG 安侯建業 | D2: 丁傳倫 | E2: 台北總所 | F2: 台北市信義區信義路五段7號68樓 | G2: 台北市信義區信義路五段7號68樓 | I2: 109/07/06 | J2: 全聯會一字第1090245 | K2: 北市 | L2: 109/07/06 | M2: 4266 | N2: 2026-06-05 | O2: https://www.roccpa.org.tw/member_search/more?id=642B1E83-21FD-475C-9EE6-5DF3BF9A9D20
A3: 2 | B3: 安侯建業聯合會計師事務所 | C3: KPMG 安侯建業 | D3: 丁英泰 | E3: 台北總所 | F3: 台北市信義區信義路五段7號68樓 | G3: 台北市信義區信義路五段7號68樓 | I3: 112/06/13 | J3: 全聯會一字第1120228 | K3: 北市 | L3: 112/06/13 | M3: 4532 | N3: 2026-06-05 | O3: https://www.roccpa.org.tw/member_search/more?id=308A9B30-02D0-46CC-ABBB-5A056AB2BB57
A4: 3 | B4: 安侯建業聯合會計師事務所 | C4: KPMG 安侯建業 | D4: 于紀隆 | E4: 台北總所 | F4: 台北市信義區信義路五段7號68樓 | G4: 台北市信義區信義路五段7號68樓 | K4: 北市 | L4: 090/09/21 | M4: 2393 | N4: 2026-06-05 | O4: https://www.roccpa.org.tw/member_search/more?id=16C39D64-7A70-4121-AB16-3C76D8643D71
A5: 4 | B5: 安侯建業聯合會計師事務所 | C5: KPMG 安侯建業 | D5: 余聖河 | E5: 台北總所 | F5: 台北市信義區信義路五段7號68樓 | G5: 台北市信義區信義路五段7號68樓 | I5: 101/01/19 | J5: 全聯會一字第1010021 | K5: 北市 | L5: 101/02/06 | M5: 3420 | N5: 2026-06-05 | O5: https://www.roccpa.org.tw/member_search/more?id=9FA798CA-9F29-41F1-A34B-00AE0F82EC55
A6: 5 | B6: 安侯建業聯合會計師事務所 | C6: KPMG 安侯建業 | D6: 傅泓文 | E6: 台北總所 | F6: 台北市信義區信義路五段7號68樓 | G6: 台北市信義區信義路五段7號68樓 | I6: 109/01/31 | J6: 全聯會一字第1090040 | K6: 北市 | L6: 109/01/31 | M6: 4216 | N6: 2026-06-05 | O6: https://www.roccpa.org.tw/member_search/more?id=89F78F06-502F-4D77-A9F2-BBA1D42859B8
A7: 6 | B7: 安侯建業聯合會計師事務所 | C7: KPMG 安侯建業 | D7: 劉中惠 | E7: 台北總所 | F7: 台北市信義區信義路五段7號68樓 | G7: 台北市信義區信義路五段7號68樓 | I7: 109/07/06 | J7: 全聯會一字第1090244 | K7: 北市 | L7: 109/07/06 | M7: 4265 | N7: 2026-06-05 | O7: https://www.roccpa.org.tw/member_search/more?id=DFF78DE1-3174-4A2D-98FE-10F16968DC4E
A8: 7 | B8: 安侯建業聯合會計師事務所 | C8: KPMG 安侯建業 | D8: 劉振興 | E8: 台北總所 | F8: 台北市信義區信義路五段7號68樓 | G8: 台北市信義區信義路五段7號68樓 | I8: 114/10/03 | J8: 全聯會一字第1140000490號 | K8: 北市 | L8: 114/10/03 | M8: 4846 | N8: 2026-06-05 | O8: https://www.roccpa.org.tw/member_search/more?id=858CD947-7F36-4FEC-96D9-31D83404C331
A9: 8 | B9: 安侯建業聯合會計師事務所 | C9: KPMG 安侯建業 | D9: 區耀軍 | E9: 台北總所 | F9: 台北市信義區信義路五段7號68樓 | G9: 台北市信義區信義路五段7號68樓 | K9: 北市 | L9: 093/01/05 | M9: 2613 | N9: 2026-06-05 | O9: https://www.roccpa.org.tw/member_search/more?id=1552092C-6E6D-4789-8C3C-7E469B4819A3
A10: 9 | B10: 安侯建業聯合會計師事務所 | C10: KPMG 安侯建業 | D10: 吳仲舜 | E10: 台北總所 | F10: 台北市信義區信義路五段7號68樓 | G10: 台北市信義區信義路五段7號68樓 | I10: 109/01/31 | J10: 全聯會一字第1090041 | K10: 北市 | L10: 109/01/31 | M10: 4217 | N10: 2026-06-05 | O10: https://www.roccpa.org.tw/member_search/more?id=B0D476AC-B902-4AF6-82A7-363985E3DA22
A11: 10 | B11: 安侯建業聯合會計師事務所 | C11: KPMG 安侯建業 | D11: 吳佳翰 | E11: 台北總所 | F11: 台北市信義區信義路五段7號68樓 | G11: 台北市信義區信義路五段7號68樓 | I11: 113/01/15 | J11: 全聯會一字第1130000028號 | K11: 北市 | L11: 113/01/15 | M11: 4591 | N11: 2026-06-05 | O11: https://www.roccpa.org.tw/member_search/more?id=92522745-0A6B-4751-B1CB-8A4395064547
A12: 11 | B12: 安侯建業聯合會計師事務所 | C12: KPMG 安侯建業 | D12: 吳政諺 | E12: 台北總所 | F12: 台北市信義區信義路五段7號68樓 | G12: 台北市信義區信義路五段7號68樓 | I12: 106/10/06 | J12: 全聯會一字第1060358 | K12: 北市 | L12: 106/10/06 | M12: 4044 | N12: 2026-06-05 | O12: https://www.roccpa.org.tw/member_search/more?id=D1F389ED-187E-474C-92E8-FB5254C9F27B
A13: 12 | B13: 安侯建業聯合會計師事務所 | C13: KPMG 安侯建業 | D13: 吳祁達 | E13: 台北總所 | F13: 台北市信義區信義路五段7號68樓 | G13: 台北市信義區信義路五段7號68樓 | I13: 114/10/03 | J13: 全聯會一字第1140000488號 | K13: 北市 | L13: 114/10/03 | M13: 4844 | N13: 2026-06-05 | O13: https://www.roccpa.org.tw/member_search/more?id=ED306F82-CB10-4FF2-9B80-8CF17B04CF90
A14: 13 | B14: 安侯建業聯合會計師事務所 | C14: KPMG 安侯建業 | D14: 吳趙仁 | E14: 台北總所 | F14: 台北市信義區信義路五段7號68樓 | G14: 台北市信義區信義路五段7號68樓 | I14: 107/02/05 | J14: 全聯會一字第1070074 | K14: 北市 | L14: 107/02/05 | M14: 4071 | N14: 2026-06-05 | O14: https://www.roccpa.org.tw/member_search/more?id=DFF7E801-A33C-4F63-B3F9-4941F4CFA7A5
A15: 14 | B15: 安侯建業聯合會計師事務所 | C15: KPMG 安侯建業 | D15: 吳麟 | E15: 台北總所 | F15: 台北市信義區信義路五段7號68樓 | G15: 台北市信義區信義路五段7號68樓 | K15: 北市 | L15: 096/10/01 | M15: 2962 | N15: 2026-06-05 | O15: https://www.roccpa.org.tw/member_search/more?id=735B3B6F-B5B7-487B-A906-E92D0EB9F089
A16: 15 | B16: 安侯建業聯合會計師事務所 | C16: KPMG 安侯建業 | D16: 周寶蓮 | E16: 台北總所 | F16: 台北市信義區信義路五段7號68樓 | G16: 台北市信義區信義路五段7號68樓 | K16: 北市 | L16: 093/05/10 | M16: 2637 | N16: 2026-06-05 | O16: https://www.roccpa.org.tw/member_search/more?id=25B63349-850F-4692-9514-F4DFD01718B3
A17: 16 | B17: 安侯建業聯合會計師事務所 | C17: KPMG 安侯建業 | D17: 唐嘉鍵 | E17: 台北總所 | F17: 台北市信義區信義路五段7號68樓 | G17: 台北市信義區信義路五段7號68樓 | I17: 108/01/14 | J17: 全聯會一字第1080034 | K17: 北市 | L17: 108/01/14 | M17: 4149 | N17: 2026-06-05 | O17: https://www.roccpa.org.tw/member_search/more?id=A47519EC-71B7-4CC1-8C9C-EAF6139EBFCB
A18: 17 | B18: 安侯建業聯合會計師事務所 | C18: KPMG 安侯建業 | D18: 寇惠植 | E18: 台北總所 | F18: 台北市信義區信義路五段7號68樓 | G18: 台北市信義區信義路五段7號68樓 | K18: 北市 | L18: 086/12/17 | M18: 1989 | N18: 2026-06-05 | O18: https://www.roccpa.org.tw/member_search/more?id=DF68C182-06CF-4CCA-8A76-AF9CEB938F3C
A19: 18 | B19: 安侯建業聯合會計師事務所 | C19: KPMG 安侯建業 | D19: 尹元聖 | E19: 台北總所 | F19: 台北市信義區信義路五段7號68樓 | G19: 台北市信義區信義路五段7號68樓 | I19: 105/03/07 | J19: 全聯會一字第1050124 | K19: 北市 | L19: 105/03/16 | M19: 3906 | N19: 2026-06-05 | O19: https://www.roccpa.org.tw/member_search/more?id=40F0714B-E3EE-44B9-BA22-C783C9DFDC30
A20: 19 | B20: 安侯建業聯合會計師事務所 | C20: KPMG 安侯建業 | D20: 張惠貞 | E20: 台北總所 | F20: 台北市信義區信義路五段7號68樓 | G20: 台北市信義區信義路五段7號68樓 | K20: 北市 | L20: 081/11/23 | M20: 1419 | N20: 2026-06-05 | O20: https://www.roccpa.org.tw/member_search/more?id=9037C6F3-8701-4DDC-8778-3C0BA03208AD
A21: 20 | B21: 安侯建業聯合會計師事務所 | C21: KPMG 安侯建業 | D21: 張智揚 | E21: 台北總所 | F21: 台北市信義區信義路五段7號68樓 | G21: 台北市信義區信義路五段7號68樓 | I21: 111/02/07 | J21: 全聯會一字第1110070 | K21: 北市 | L21: 111/02/07 | M21: 4400 | N21: 2026-06-05 | O21: https://www.roccpa.org.tw/member_search/more?id=4CBA9ABF-D35E-4798-9543-8B7E33203BE8
A22: 21 | B22: 安侯建業聯合會計師事務所 | C22: KPMG 安侯建業 | D22: 張淑瑩 | E22: 台北總所 | F22: 台北市信義區信義路五段7號68樓 | G22: 台北市信義區信義路五段7號68樓 | K22: 北市 | L22: 088/09/28 | M22: 2191 | N22: 2026-06-05 | O22: https://www.roccpa.org.tw/member_search/more?id=4B50D5E9-BE98-451B-A9D2-785F03E4B40D
A23: 22 | B23: 安侯建業聯合會計師事務所 | C23: KPMG 安侯建業 | D23: 張純怡 | E23: 台北總所 | F23: 台北市信義區信義路五段7號68樓 | G23: 台北市信義區信義路五段7號68樓 | I23: 105/08/17 | J23: 全聯會一字第1050357 | K23: 北市 | L23: 105/08/22 | M23: 3955 | N23: 2026-06-05 | O23: https://www.roccpa.org.tw/member_search/more?id=DEB62E18-1703-4AD0-AF44-C1A0EEDE96EA
A24: 23 | B24: 安侯建業聯合會計師事務所 | C24: KPMG 安侯建業 | D24: 張維夫 | E24: 台北總所 | F24: 台北市信義區信義路五段7號68樓 | G24: 台北市信義區信義路五段7號68樓 | I24: 100/06/28 | J24: 全聯會一字第1000251 | K24: 北市 | L24: 100/07/06 | M24: 3367 | N24: 2026-06-05 | O24: https://www.roccpa.org.tw/member_search/more?id=D404CC9D-99BE-4A4B-A2B7-689BA4B58F04
A25: 24 | B25: 安侯建業聯合會計師事務所 | C25: KPMG 安侯建業 | D25: 張維欣 | E25: 台北總所 | F25: 台北市信義區信義路五段7號68樓 | G25: 台北市信義區信義路五段7號68樓 | I25: 114/01/13 | J25: 全聯會一字第1140000040號 | K25: 北市 | L25: 114/01/13 | M25: 4696 | N25: 2026-06-05 | O25: https://www.roccpa.org.tw/member_search/more?id=5CE22604-5FDC-4B53-AFFF-3C803D13EA16
A26: 25 | B26: 安侯建業聯合會計師事務所 | C26: KPMG 安侯建業 | D26: 張肇文 | E26: 台北總所 | F26: 台北市信義區信義路五段7號68樓 | G26: 台北市信義區信義路五段7號68樓 | I26: 114/01/13 | J26: 全聯會一字第1140000037號 | K26: 北市 | L26: 114/01/13 | M26: 4693 | N26: 2026-06-05 | O26: https://www.roccpa.org.tw/member_search/more?id=C6785576-4E84-4832-91B5-4BF76B32DC52
A27: 26 | B27: 安侯建業聯合會計師事務所 | C27: KPMG 安侯建業 | D27: 施威銘 | E27: 台北總所 | F27: 台北市信義區信義路五段7號68樓 | G27: 台北市信義區信義路五段7號68樓 | K27: 北市 | L27: 090/03/15 | M27: 2352 | N27: 2026-06-05 | O27: https://www.roccpa.org.tw/member_search/more?id=9FE7A46D-E360-412D-9647-F959798A1F70
A28: 27 | B28: 安侯建業聯合會計師事務所 | C28: KPMG 安侯建業 | D28: 曾國禓 | E28: 台北總所 | F28: 台北市信義區信義路五段7號68樓 | G28: 台北市信義區信義路五段7號68樓 | K28: 北市 | L28: 093/12/16 | M28: 2701 | N28: 2026-06-05 | O28: https://www.roccpa.org.tw/member_search/more?id=D306462A-4EA9-409C-B410-533633DA3B97
A29: 28 | B29: 安侯建業聯合會計師事務所 | C29: KPMG 安侯建業 | D29: 李䄱儀 | E29: 台北總所 | F29: 台北市信義區信義路五段7號68樓 | G29: 台北市信義區信義路五段7號68樓 | I29: 101/01/19 | J29: 全聯會一字第1010020 | K29: 北市 | L29: 101/02/06 | M29: 3419 | N29: 2026-06-05 | O29: https://www.roccpa.org.tw/member_search/more?id=A1A1601F-D000-4EAC-BC9F-AF15E05DBC48
A30: 29 | B30: 安侯建業聯合會計師事務所 | C30: KPMG 安侯建業 | D30: 李慈慧 | E30: 台北總所 | F30: 台北市信義區信義路五段7號68樓 | G30: 台北市信義區信義路五段7號68樓 | K30: 北市 | L30: 085/12/31 | M30: 1888 | N30: 2026-06-05 | O30: https://www.roccpa.org.tw/member_search/more?id=B1E3373C-27A8-49C7-9F2A-1B9441715A61
A31: 30 | B31: 安侯建業聯合會計師事務所 | C31: KPMG 安侯建業 | D31: 李逢暉 | E31: 台北總所 | F31: 台北市信義區信義路五段7號68樓 | G31: 台北市信義區信義路五段7號68樓 | I31: 100/03/14 | J31: 全聯會一字第1000092 | K31: 北市 | L31: 100/03/16 | M31: 3327 | N31: 2026-06-05 | O31: https://www.roccpa.org.tw/member_search/more?id=72DAC401-2071-4F55-8382-DF8FC0B63908
A32: 31 | B32: 安侯建業聯合會計師事務所 | C32: KPMG 安侯建業 | D32: 林佳伶 | E32: 台北總所 | F32: 台北市信義區信義路五段7號68樓 | G32: 台北市信義區信義路五段7號68樓 | I32: 114/10/03 | J32: 全聯會一字第1140000487號 | K32: 北市 | L32: 114/10/03 | M32: 4843 | N32: 2026-06-05 | O32: https://www.roccpa.org.tw/member_search/more?id=0D0EA596-7040-4052-A94F-576A891ADD80
A33: 32 | B33: 安侯建業聯合會計師事務所 | C33: KPMG 安侯建業 | D33: 林倚聰 | E33: 台北總所 | F33: 台北市信義區信義路五段7號68樓 | G33: 台北市信義區信義路五段7號68樓 | I33: 111/06/13 | J33: 全聯會一字第1110225 | K33: 北市 | L33: 111/06/13 | M33: 4437 | N33: 2026-06-05 | O33: https://www.roccpa.org.tw/member_search/more?id=346545FF-726C-4F07-87E1-44675DB8E190
A34: 33 | B34: 安侯建業聯合會計師事務所 | C34: KPMG 安侯建業 | D34: 林君彬 | E34: 台北總所 | F34: 台北市信義區信義路五段7號68樓 | G34: 台北市信義區信義路五段7號68樓 | I34: 114/10/03 | J34: 全聯會一字第1140000489號 | K34: 北市 | L34: 114/10/03 | M34: 4845 | N34: 2026-06-05 | O34: https://www.roccpa.org.tw/member_search/more?id=B059D6B6-143D-4488-A59B-4D06A1230DCA
A35: 34 | B35: 安侯建業聯合會計師事務所 | C35: KPMG 安侯建業 | D35: 林恒昇 | E35: 台北總所 | F35: 台北市信義區信義路五段7號68樓 | G35: 台北市信義區信義路五段7號68樓 | K35: 北市 | L35: 086/12/17 | M35: 1992 | N35: 2026-06-05 | O35: https://www.roccpa.org.tw/member_search/more?id=3EF3AD4D-CCD7-4D06-BCE9-5A2B117970BA
A36: 35 | B36: 安侯建業聯合會計師事務所 | C36: KPMG 安侯建業 | D36: 林棠妮 | E36: 台北總所 | F36: 台北市信義區信義路五段7號68樓 | G36: 台北市信義區信義路五段7號68樓 | I36: 110/06/28 | J36: 全聯會一字第1100265 | K36: 北市 | L36: 110/06/28 | M36: 4355 | N36: 2026-06-05 | O36: https://www.roccpa.org.tw/member_search/more?id=006B44B4-7539-4FEA-AC3A-74BB1B679C7B
A37: 36 | B37: 安侯建業聯合會計師事務所 | C37: KPMG 安侯建業 | D37: 林琇宜 | E37: 台北總所 | F37: 台北市信義區信義路五段7號68樓 | G37: 台北市信義區信義路五段7號68樓 | K37: 北市 | L37: 094/12/14 | M37: 2813 | N37: 2026-06-05 | O37: https://www.roccpa.org.tw/member_search/more?id=9D8A7F23-5B98-4C8C-B247-F6727E4D955A
A38: 37 | B38: 安侯建業聯合會計師事務所 | C38: KPMG 安侯建業 | D38: 柯有聰 | E38: 台北總所 | F38: 台北市信義區信義路五段7號68樓 | G38: 台北市信義區信義路五段7號68樓 | I38: 110/01/27 | J38: 全聯會一字第1100045 | K38: 北市 | L38: 110/01/27 | M38: 4300 | N38: 2026-06-05 | O38: https://www.roccpa.org.tw/member_search/more?id=ECA8D0D6-022B-49E9-BAE9-65919629B14A
A39: 38 | B39: 安侯建業聯合會計師事務所 | C39: KPMG 安侯建業 | D39: 梅元貞 | E39: 台北總所 | F39: 台北市信義區信義路五段7號68樓 | G39: 台北市信義區信義路五段7號68樓 | K39: 北市 | L39: 091/03/08 | M39: 2444 | N39: 2026-06-05 | O39: https://www.roccpa.org.tw/member_search/more?id=EAEDFDBF-F6FE-4CF3-A9D6-DC44FEC6AD71
A40: 39 | B40: 安侯建業聯合會計師事務所 | C40: KPMG 安侯建業 | D40: 楊樹芝 | E40: 台北總所 | F40: 台北市信義區信義路五段7號68樓 | G40: 台北市信義區信義路五段7號68樓 | I40: 104/01/28 | J40: 全聯會一字第1040057 | K40: 北市 | L40: 104/02/04 | M40: 3788 | N40: 2026-06-05 | O40: https://www.roccpa.org.tw/member_search/more?id=338CFD76-7DFF-4E3F-9267-F2B4BA1EFD24
A41: 40 | B41: 安侯建業聯合會計師事務所 | C41: KPMG 安侯建業 | D41: 楊雲筑 | E41: 台北總所 | F41: 台北市信義區信義路五段7號68樓 | G41: 台北市信義區信義路五段7號68樓 | I41: 113/01/15 | J41: 全聯會一字第1130000029號 | K41: 北市 | L41: 113/01/15 | M41: 4592 | N41: 2026-06-05 | O41: https://www.roccpa.org.tw/member_search/more?id=53CA76D6-6B51-4A86-955D-CA50EA169431
A42: 41 | B42: 安侯建業聯合會計師事務所 | C42: KPMG 安侯建業 | D42: 毛聖崴 | E42: 台北總所 | F42: 台北市信義區信義路五段7號68樓 | G42: 台北市信義區信義路五段7號68樓 | I42: 114/10/03 | J42: 全聯會一字第1140000491號 | K42: 北市 | L42: 114/10/03 | M42: 4847 | N42: 2026-06-05 | O42: https://www.roccpa.org.tw/member_search/more?id=7A2F1C7D-FBCA-4850-9F22-9A1A5813DB09
A43: 42 | B43: 安侯建業聯合會計師事務所 | C43: KPMG 安侯建業 | D43: 江家齊 | E43: 台北總所 | F43: 台北市信義區信義路五段7號68樓 | G43: 台北市信義區信義路五段7號68樓 | I43: 112/02/06 | J43: 全聯會一字第1120069 | K43: 北市 | L43: 112/02/06 | M43: 4499 | N43: 2026-06-05 | O43: https://www.roccpa.org.tw/member_search/more?id=3A4E76B5-F549-4FE1-8779-A1F6FFD7A62D
A44: 43 | B44: 安侯建業聯合會計師事務所 | C44: KPMG 安侯建業 | D44: 江曉苓 | E44: 台北總所 | F44: 台北市信義區信義路五段7號68樓 | G44: 台北市信義區信義路五段7號68樓 | I44: 108/01/14 | J44: 全聯會一字第1080037 | K44: 北市 | L44: 108/01/14 | M44: 4152 | N44: 2026-06-05 | O44: https://www.roccpa.org.tw/member_search/more?id=211AF554-7461-401F-B733-7C5A8A949155
A45: 44 | B45: 安侯建業聯合會計師事務所 | C45: KPMG 安侯建業 | D45: 池世欽 | E45: 台北總所 | F45: 台北市信義區信義路五段7號68樓 | G45: 台北市信義區信義路五段7號68樓 | I45: 101/12/26 | J45: 全聯會一字第1010466 | K45: 北市 | L45: 101/12/27 | M45: 3530 | N45: 2026-06-05 | O45: https://www.roccpa.org.tw/member_search/more?id=0A9F12B8-1059-4D9E-BA54-315C11A1CC5A
A46: 45 | B46: 安侯建業聯合會計師事務所 | C46: KPMG 安侯建業 | D46: 洪士剛 | E46: 台北總所 | F46: 台北市信義區信義路五段7號68樓 | G46: 台北市信義區信義路五段7號68樓 | I46: 111/02/07 | J46: 全聯會一字第1110067 | K46: 北市 | L46: 111/02/07 | M46: 4397 | N46: 2026-06-05 | O46: https://www.roccpa.org.tw/member_search/more?id=46FBDD0B-ACC6-473D-ACB4-9270C3620927
A47: 46 | B47: 安侯建業聯合會計師事務所 | C47: KPMG 安侯建業 | D47: 洪銘鴻 | E47: 台北總所 | F47: 台北市信義區信義路五段7號68樓 | G47: 台北市信義區信義路五段7號68樓 | I47: 110/06/28 | J47: 全聯會一字第1100266 | K47: 北市 | L47: 110/06/28 | M47: 4356 | N47: 2026-06-05 | O47: https://www.roccpa.org.tw/member_search/more?id=C29DEAE4-A08E-434A-B12B-F42A8F415AA7
A48: 47 | B48: 安侯建業聯合會計師事務所 | C48: KPMG 安侯建業 | D48: 游雅絜 | E48: 台北總所 | F48: 台北市信義區信義路五段7號68樓 | G48: 台北市信義區信義路五段7號68樓 | I48: 108/07/08 | J48: 全聯會一字第1080254 | K48: 北市 | L48: 108/07/08 | M48: 4180 | N48: 2026-06-05 | O48: https://www.roccpa.org.tw/member_search/more?id=89384992-1693-4FEF-9717-5F5F4AF27F44
A49: 48 | B49: 安侯建業聯合會計師事務所 | C49: KPMG 安侯建業 | D49: 潘俊名 | E49: 台北總所 | F49: 台北市信義區信義路五段7號68樓 | G49: 台北市信義區信義路五段7號68樓 | I49: 111/02/07 | J49: 全聯會一字第1110069 | K49: 北市 | L49: 111/02/07 | M49: 4399 | N49: 2026-06-05 | O49: https://www.roccpa.org.tw/member_search/more?id=3955E203-0130-476E-A5AD-02599653CFBF
A50: 49 | B50: 安侯建業聯合會計師事務所 | C50: KPMG 安侯建業 | D50: 王勇勝 | E50: 台北總所 | F50: 台北市信義區信義路五段7號68樓 | G50: 台北市信義區信義路五段7號68樓 | I50: 104/03/10 | J50: 全聯會一字第1040096 | K50: 北市 | L50: 104/04/13 | M50: 3823 | N50: 2026-06-05 | O50: https://www.roccpa.org.tw/member_search/more?id=06544F66-030B-4CEC-B9C6-E35426286359
A51: 50 | B51: 安侯建業聯合會計師事務所 | C51: KPMG 安侯建業 | D51: 王怡文 | E51: 台北總所 | F51: 台北市信義區信義路五段7號68樓 | G51: 台北市信義區信義路五段7號68樓 | I51: 099/02/25 | J51: 全聯會一字第09900144 | K51: 北市 | L51: 099/03/16 | M51: 3200 | N51: 2026-06-05 | O51: https://www.roccpa.org.tw/member_search/more?id=BAC30F0D-EE58-466A-9780-9FC44C56568A
... A63: 62 | B63: 安侯建業聯合會計師事務所 | C63: KPMG 安侯建業 | D63: 許明芳 | E63: 台北總所 | F63: 台北市信義區信義路五段7號68樓 | G63: 台北市信義區信義路五段7號68樓 | I63: 108/01/14 | J63: 全聯會一字第1080035 | K63: 北市 | L63: 108/01/14 | M63: 4150 | N63: 2026-06-05 | O63: https://www.roccpa.org.tw/member_search/more?id=3BD85872-FAC6-4A16-B5A3-EA1A02B2521B
A64: 63 | B64: 安侯建業聯合會計師事務所 | C64: KPMG 安侯建業 | D64: 許淑敏 | E64: 台北總所 | F64: 台北市信義區信義路五段7號68樓 | G64: 台北市信義區信義路五段7號68樓 | K64: 北市 | L64: 087/03/04 | M64: 2016 | N64: 2026-06-05 | O64: https://www.roccpa.org.tw/member_search/more?id=565431CD-211E-424A-9472-7268F139DF2A
A65: 64 | B65: 安侯建業聯合會計師事務所 | C65: KPMG 安侯建業 | D65: 許詩淳 | E65: 台北總所 | F65: 台北市信義區信義路五段7號68樓 | G65: 台北市信義區信義路五段7號68樓 | I65: 112/02/06 | J65: 全聯會一字第1120070 | K65: 北市 | L65: 112/02/06 | M65: 4500 | N65: 2026-06-05 | O65: https://www.roccpa.org.tw/member_search/more?id=45B47ED7-5EEB-454B-91D9-25433A70E92D
A66: 65 | B66: 安侯建業聯合會計師事務所 | C66: KPMG 安侯建業 | D66: 謝昌君 | E66: 台北總所 | F66: 台北市信義區信義路五段7號68樓 | G66: 台北市信義區信義路五段7號68樓 | I66: 113/01/15 | J66: 全聯會一字第1130000024號 | K66: 北市 | L66: 113/01/15 | M66: 4587 | N66: 2026-06-05 | O66: https://www.roccpa.org.tw/member_search/more?id=7A96AB2A-38B9-4857-A968-3B90D930D14D
A67: 66 | B67: 安侯建業聯合會計師事務所 | C67: KPMG 安侯建業 | D67: 謝秋華 | E67: 台北總所 | F67: 台北市信義區信義路五段7號68樓 | G67: 台北市信義區信義路五段7號68樓 | I67: 105/08/17 | J67: 全聯會一字第1050359 | K67: 北市 | L67: 105/08/22 | M67: 3953 | N67: 2026-06-05 | O67: https://www.roccpa.org.tw/member_search/more?id=FB81B8BA-CAF5-42C1-9AC6-73D995E7BB56
A68: 67 | B68: 安侯建業聯合會計師事務所 | C68: KPMG 安侯建業 | D68: 賴麗真 | E68: 台北總所 | F68: 台北市信義區信義路五段7號68樓 | G68: 台北市信義區信義路五段7號68樓 | K68: 北市 | L68: 087/05/13 | M68: 2037 | N68: 2026-06-05 | O68: https://www.roccpa.org.tw/member_search/more?id=8F529CF6-47D8-44BF-9420-E27B8A49D630
A69: 68 | B69: 安侯建業聯合會計師事務所 | C69: KPMG 安侯建業 | D69: 趙敏如 | E69: 台北總所 | F69: 台北市信義區信義路五段7號68樓 | G69: 台北市信義區信義路五段7號68樓 | I69: 105/08/17 | J69: 全聯會一字第1050358 | K69: 北市 | L69: 105/08/22 | M69: 3954 | N69: 2026-06-05 | O69: https://www.roccpa.org.tw/member_search/more?id=28302896-B885-4141-B539-9DF520870716
A70: 69 | B70: 安侯建業聯合會計師事務所 | C70: KPMG 安侯建業 | D70: 辛郁婷 | E70: 台北總所 | F70: 台北市信義區信義路五段7號68樓 | G70: 台北市信義區信義路五段7號68樓 | I70: 112/02/06 | J70: 全聯會一字第1120065 | K70: 北市 | L70: 112/02/06 | M70: 4495 | N70: 2026-06-05 | O70: https://www.roccpa.org.tw/member_search/more?id=AE827E5F-CD09-4C11-968D-ACD781785F52
A71: 70 | B71: 安侯建業聯合會計師事務所 | C71: KPMG 安侯建業 | D71: 連淑凌 | E71: 台北總所 | F71: 台北市信義區信義路五段7號68樓 | G71: 台北市信義區信義路五段7號68樓 | K71: 北市 | L71: 087/03/04 | M71: 2017 | N71: 2026-06-05 | O71: https://www.roccpa.org.tw/member_search/more?id=9ABB93CB-A0A5-4710-93AB-8F2BCF2DDBF7
A72: 71 | B72: 安侯建業聯合會計師事務所 | C72: KPMG 安侯建業 | D72: 郭仰倫 | E72: 台北總所 | F72: 台北市信義區信義路五段7號68樓 | G72: 台北市信義區信義路五段7號68樓 | I72: 112/02/06 | J72: 全聯會一字第1120068 | K72: 北市 | L72: 112/02/06 | M72: 4498 | N72: 2026-06-05 | O72: https://www.roccpa.org.tw/member_search/more?id=41C4770B-B622-40AB-A377-52E6F278D123
A73: 72 | B73: 安侯建業聯合會計師事務所 | C73: KPMG 安侯建業 | D73: 郭冠纓 | E73: 台北總所 | F73: 台北市信義區信義路五段7號68樓 | G73: 台北市信義區信義路五段7號68樓 | I73: 101/01/19 | J73: 全聯會一字第1010023 | K73: 北市 | L73: 101/02/06 | M73: 3421 | N73: 2026-06-05 | O73: https://www.roccpa.org.tw/member_search/more?id=A51D0820-AB9B-4DE0-9455-8A6E883BF03E
A74: 73 | B74: 安侯建業聯合會計師事務所 | C74: KPMG 安侯建業 | D74: 郭士華 | E74: 台北總所 | F74: 台北市信義區信義路五段7號68樓 | G74: 台北市信義區信義路五段7號68樓 | K74: 中市 | L74: 100/08/24 | M74: 46 | N74: 2026-06-05 | O74: https://www.roccpa.org.tw/member_search/more?id=989F6D0F-3018-4C21-A6AD-97C2A176D782
A75: 74 | B75: 安侯建業聯合會計師事務所 | C75: KPMG 安侯建業 | D75: 郭柔蘭 | E75: 台北總所 | F75: 台北市信義區信義路五段7號68樓 | G75: 台北市信義區信義路五段7號68樓 | I75: 107/02/05 | J75: 全聯會一字第1070076 | K75: 北市 | L75: 107/02/05 | M75: 4073 | N75: 2026-06-05 | O75: https://www.roccpa.org.tw/member_search/more?id=DDFC2873-7DCC-4C23-A795-7A3753F9C0CF
A76: 75 | B76: 安侯建業聯合會計師事務所 | C76: KPMG 安侯建業 | D76: 郭欣頤 | E76: 台北總所 | F76: 台北市信義區信義路五段7號68樓 | G76: 台北市信義區信義路五段7號68樓 | I76: 104/01/26 | J76: 全聯會一字第1040045 | K76: 北市 | L76: 104/02/03 | M76: 3786 | N76: 2026-06-05 | O76: https://www.roccpa.org.tw/member_search/more?id=9402805F-1A08-4EE3-901C-D074AFEF7471
A77: 76 | B77: 安侯建業聯合會計師事務所 | C77: KPMG 安侯建業 | D77: 鄒依芸 | E77: 台北總所 | F77: 台北市信義區信義路五段7號68樓 | G77: 台北市信義區信義路五段7號68樓 | I77: 113/01/15 | J77: 全聯會一字第1130000027號 | K77: 北市 | L77: 113/01/15 | M77: 4590 | N77: 2026-06-05 | O77: https://www.roccpa.org.tw/member_search/more?id=28EE2E7E-A03B-44E1-882C-61E75354AA62
A78: 77 | B78: 安侯建業聯合會計師事務所 | C78: KPMG 安侯建業 | D78: 鄭博仁 | E78: 台北總所 | F78: 台北市信義區信義路五段7號68樓 | G78: 台北市信義區信義路五段7號68樓 | I78: 114/01/13 | J78: 全聯會一字第1140000039號 | K78: 北市 | L78: 114/01/13 | M78: 4695 | N78: 2026-06-05 | O78: https://www.roccpa.org.tw/member_search/more?id=42873A43-3B61-4F98-8F68-279270A24EF4
A79: 78 | B79: 安侯建業聯合會計師事務所 | C79: KPMG 安侯建業 | D79: 陳俊光 | E79: 台北總所 | F79: 台北市信義區信義路五段7號68樓 | G79: 台北市信義區信義路五段7號68樓 | I79: 101/12/26 | J79: 全聯會一字第1010467 | K79: 北市 | L79: 101/12/27 | M79: 3531 | N79: 2026-06-05 | O79: https://www.roccpa.org.tw/member_search/more?id=491E50BB-3BF9-4405-ADE6-7962B2D543B6
A80: 79 | B80: 安侯建業聯合會計師事務所 | C80: KPMG 安侯建業 | D80: 陳奕任 | E80: 台北總所 | F80: 台北市信義區信義路五段7號68樓 | G80: 台北市信義區信義路五段7號68樓 | I80: 110/01/27 | J80: 全聯會一字第1100043 | K80: 北市 | L80: 110/01/27 | M80: 4298 | N80: 2026-06-05 | O80: https://www.roccpa.org.tw/member_search/more?id=2A7CD374-A8E1-43E9-87CD-D3E3630C4B59
A81: 80 | B81: 安侯建業聯合會計師事務所 | C81: KPMG 安侯建業 | D81: 陳宗哲 | E81: 台北總所 | F81: 台北市信義區信義路五段7號68樓 | G81: 台北市信義區信義路五段7號68樓 | I81: 100/03/14 | J81: 全聯會一字第1000093 | K81: 北市 | L81: 100/03/16 | M81: 3328 | N81: 2026-06-05 | O81: https://www.roccpa.org.tw/member_search/more?id=41984C21-208E-46C6-8209-3DD0AE586AA8
A82: 81 | B82: 安侯建業聯合會計師事務所 | C82: KPMG 安侯建業 | D82: 陳宜君 | E82: 台北總所 | F82: 台北市信義區信義路五段7號68樓 | G82: 台北市信義區信義路五段7號68樓 | I82: 100/03/14 | J82: 全聯會一字第1000091 | K82: 北市 | L82: 100/03/16 | M82: 3330 | N82: 2026-06-05 | O82: https://www.roccpa.org.tw/member_search/more?id=DBC79649-D78A-4FE6-96FF-1F659C85D314
A83: 82 | B83: 安侯建業聯合會計師事務所 | C83: KPMG 安侯建業 | D83: 陳家程 | E83: 台北總所 | F83: 台北市信義區信義路五段7號68樓 | G83: 台北市信義區信義路五段7號68樓 | I83: 109/11/03 | J83: 全聯會一字第1090421 | K83: 北市 | L83: 109/11/03 | M83: 4280 | N83: 2026-06-05 | O83: https://www.roccpa.org.tw/member_search/more?id=07765F73-DDAF-4439-BDE8-9C10F21DF8A4
A84: 83 | B84: 安侯建業聯合會計師事務所 | C84: KPMG 安侯建業 | D84: 陳富仁 | E84: 台北總所 | F84: 台北市信義區信義路五段7號68樓 | G84: 台北市信義區信義路五段7號68樓 | I84: 108/01/14 | J84: 全聯會一字第1080036 | K84: 北市 | L84: 108/01/14 | M84: 4151 | N84: 2026-06-05 | O84: https://www.roccpa.org.tw/member_search/more?id=6650E375-3374-4CB1-B525-3C4C1DD41AF4
A85: 84 | B85: 安侯建業聯合會計師事務所 | C85: KPMG 安侯建業 | D85: 陳彥富 | E85: 台北總所 | F85: 台北市信義區信義路五段7號68樓 | G85: 台北市信義區信義路五段7號68樓 | I85: 103/11/04 | J85: 全聯會一字第103425 | K85: 北市 | L85: 103/11/19 | M85: 3754 | N85: 2026-06-05 | O85: https://www.roccpa.org.tw/member_search/more?id=44CA1DA7-38F2-44A5-84F6-397C42D7681C
A86: 85 | B86: 安侯建業聯合會計師事務所 | C86: KPMG 安侯建業 | D86: 陳彩凰 | E86: 台北總所 | F86: 台北市信義區信義路五段7號68樓 | G86: 台北市信義區信義路五段7號68樓 | I86: 106/07/10 | J86: 全聯會一字第1060247 | K86: 北市 | L86: 106/08/04 | M86: 4032 | N86: 2026-06-05 | O86: https://www.roccpa.org.tw/member_search/more?id=48644002-3843-4530-8B3B-9BD643F85A4E
A87: 86 | B87: 安侯建業聯合會計師事務所 | C87: KPMG 安侯建業 | D87: 陳志愷 | E87: 台北總所 | F87: 台北市信義區信義路五段7號68樓 | G87: 台北市信義區信義路五段7號68樓 | K87: 北市 | L87: 090/01/08 | M87: 2325 | N87: 2026-06-05 | O87: https://www.roccpa.org.tw/member_search/more?id=4BB32E91-F020-4D00-A546-13EBECB76968
A88: 87 | B88: 安侯建業聯合會計師事務所 | C88: KPMG 安侯建業 | D88: 陳明輝 | E88: 台北總所 | F88: 台北市信義區信義路五段7號68樓 | G88: 台北市信義區信義路五段7號68樓 | I88: 114/01/13 | J88: 全聯會一字第1140000036號 | K88: 北市 | L88: 114/01/13 | M88: 4692 | N88: 2026-06-05 | O88: https://www.roccpa.org.tw/member_search/more?id=9778C79E-D58E-4EC8-A895-2E781310FE05
A89: 88 | B89: 安侯建業聯合會計師事務所 | C89: KPMG 安侯建業 | D89: 陳盈如 | E89: 台北總所 | F89: 台北市信義區信義路五段7號68樓 | G89: 台北市信義區信義路五段7號68樓 | K89: 北市 | L89: 094/05/20 | M89: 2752 | N89: 2026-06-05 | O89: https://www.roccpa.org.tw/member_search/more?id=0E0750AD-04C3-4887-A6A1-2970C84C0BB2
A90: 89 | B90: 安侯建業聯合會計師事務所 | C90: KPMG 安侯建業 | D90: 陳蓓琪 | E90: 台北總所 | F90: 台北市信義區信義路五段7號68樓 | G90: 台北市信義區信義路五段7號68樓 | K90: 北市 | L90: 096/11/07 | M90: 2972 | N90: 2026-06-05 | O90: https://www.roccpa.org.tw/member_search/more?id=7A8E3BE0-6740-43D0-9AD1-8F63F22334B1
A91: 90 | B91: 安侯建業聯合會計師事務所 | C91: KPMG 安侯建業 | D91: 陳雅琳 | E91: 台北總所 | F91: 台北市信義區信義路五段7號68樓 | G91: 台北市信義區信義路五段7號68樓 | K91: 北市 | L91: 085/12/31 | M91: 1890 | N91: 2026-06-05 | O91: https://www.roccpa.org.tw/member_search/more?id=6AA176FB-046E-4EBC-96E4-8723BF23870B
A92: 91 | B92: 安侯建業聯合會計師事務所 | C92: KPMG 安侯建業 | D92: 韓沂璉 | E92: 台北總所 | F92: 台北市信義區信義路五段7號68樓 | G92: 台北市信義區信義路五段7號68樓 | I92: 109/01/31 | J92: 全聯會一字第1090039 | K92: 北市 | L92: 109/01/31 | M92: 4215 | N92: 2026-06-05 | O92: https://www.roccpa.org.tw/member_search/more?id=6D166249-4183-453B-AA1C-5AFE8C05F975
A93: 92 | B93: 安侯建業聯合會計師事務所 | C93: KPMG 安侯建業 | D93: 高靚玟 | E93: 台北總所 | F93: 台北市信義區信義路五段7號68樓 | G93: 台北市信義區信義路五段7號68樓 | I93: 106/01/20 | J93: 全聯會一字第1060056 | K93: 北市 | L93: 106/02/06 | M93: 3989 | N93: 2026-06-05 | O93: https://www.roccpa.org.tw/member_search/more?id=786487F1-765A-4582-B968-8F03BC337C80
A94: 93 | B94: 安侯建業聯合會計師事務所 | C94: KPMG 安侯建業 | D94: 黃彥賓 | E94: 台北總所 | F94: 台北市信義區信義路五段7號68樓 | G94: 台北市信義區信義路五段7號68樓 | I94: 111/06/13 | J94: 全聯會一字第1110224 | K94: 北市 | L94: 111/06/13 | M94: 4436 | N94: 2026-06-05 | O94: https://www.roccpa.org.tw/member_search/more?id=5C8D52AE-CA66-4E74-B5DC-92F7A6D1C9DA
A95: 94 | B95: 安侯建業聯合會計師事務所 | C95: KPMG 安侯建業 | D95: 黃明宏 | E95: 台北總所 | F95: 台北市信義區信義路五段7號68樓 | G95: 台北市信義區信義路五段7號68樓 | I95: 106/01/20 | J95: 全聯會一字第1060055 | K95: 北市 | L95: 106/02/06 | M95: 3988 | N95: 2026-06-05 | O95: https://www.roccpa.org.tw/member_search/more?id=80BDD28F-1809-4C5E-8941-1A38EA95564F
A96: 95 | B96: 安侯建業聯合會計師事務所 | C96: KPMG 安侯建業 | D96: 黃柏淑 | E96: 台北總所 | F96: 台北市信義區信義路五段7號68樓 | G96: 台北市信義區信義路五段7號68樓 | K96: 北市 | L96: 091/02/01 | M96: 2437 | N96: 2026-06-05 | O96: https://www.roccpa.org.tw/member_search/more?id=7AD90128-F919-4C20-AABD-8647FE1F660D
A97: 96 | B97: 安侯建業聯合會計師事務所 | C97: KPMG 安侯建業 | D97: 黃欣婷 | E97: 台北總所 | F97: 台北市信義區信義路五段7號68樓 | G97: 台北市信義區信義路五段7號68樓 | I97: 110/01/27 | J97: 全聯會一字第1100044 | K97: 北市 | L97: 110/01/27 | M97: 4299 | N97: 2026-06-05 | O97: https://www.roccpa.org.tw/member_search/more?id=2069DD92-F66F-497D-AC58-1832EC964556
A98: 97 | B98: 安侯建業聯合會計師事務所 | C98: KPMG 安侯建業 | D98: 黃泳華 | E98: 台北總所 | F98: 台北市信義區信義路五段7號68樓 | G98: 台北市信義區信義路五段7號68樓 | I98: 101/01/19 | J98: 全聯會一字第1010019 | K98: 北市 | L98: 101/02/06 | M98: 3418 | N98: 2026-06-05 | O98: https://www.roccpa.org.tw/member_search/more?id=2F2BCB28-FEF1-44FA-AD97-6C8DDCDA812A
A99: 98 | B99: 安侯建業聯合會計師事務所 | C99: KPMG 安侯建業 | D99: 黃素貞 | E99: 台北總所 | F99: 台北市信義區信義路五段7號68樓 | G99: 台北市信義區信義路五段7號68樓 | K99: 北市 | L99: 086/10/02 | M99: 1951 | N99: 2026-06-05 | O99: https://www.roccpa.org.tw/member_search/more?id=A314A8BF-6517-411B-BF3B-F6D7552F3C90
A100: 99 | B100: 安侯建業聯合會計師事務所 | C100: KPMG 安侯建業 | D100: 黃郁婷 | E100: 台北總所 | F100: 台北市信義區信義路五段7號68樓 | G100: 台北市信義區信義路五段7號68樓 | I100: 112/02/06 | J100: 全聯會一字第1120067 | K100: 北市 | L100: 112/02/06 | M100: 4497 | N100: 2026-06-05 | O100: https://www.roccpa.org.tw/member_search/more?id=50CFC1C9-AE02-42ED-BD5F-33A373463452
A101: 100 | B101: 安侯建業聯合會計師事務所 | C101: KPMG 安侯建業 | D101: 黃采絹 | E101: 台北總所 | F101: 台北市信義區信義路五段7號68樓 | G101: 台北市信義區信義路五段7號68樓 | I101: 114/01/13 | J101: 全聯會一字第1140000038號 | K101: 北市 | L101: 114/01/13 | M101: 4694 | N101: 2026-06-05 | O101: https://www.roccpa.org.tw/member_search/more?id=01AA7495-4ED9-473D-B152-4727543CA2CE
A102: 101 | B102: 安侯建業聯合會計師事務所 | C102: KPMG 安侯建業 | D102: 吳俊源 | E102: 新竹分所 | F102: 新竹市科學園區展業一路11號 | G102: 台北市信義區信義路五段7號68樓 | H102: 新竹市科學園區展業一路11號 | I102: 103/12/29 | J102: 全聯會一字第1030484 | K102: 省 | L102: 104/03/02 | M102: 4342 | N102: 2026-06-05 | O102: https://www.roccpa.org.tw/member_search/more?id=B0A1211F-7D8F-4A0B-98D0-EE1017DEA681
A103: 102 | B103: 安侯建業聯合會計師事務所 | C103: KPMG 安侯建業 | D103: 呂倩慧 | E103: 新竹分所 | F103: 新竹市科學園區展業一路11號 | G103: 台北市信義區信義路五段7號68樓 | H103: 新竹市科學園區展業一路11號 | I103: 104/02/17 | J103: 全聯會一字第1040083 | K103: 省 | L103: 104/03/02 | M103: 4344 | N103: 2026-06-05 | O103: https://www.roccpa.org.tw/member_search/more?id=E29555E3-76B9-43AC-B1AF-0E3E32263A68
A104: 103 | B104: 安侯建業聯合會計師事務所 | C104: KPMG 安侯建業 | D104: 鄭安志 | E104: 新竹分所 | F104: 新竹市科學園區展業一路11號 | G104: 台北市信義區信義路五段7號68樓 | H104: 新竹市科學園區展業一路11號 | I104: 106/01/20 | J104: 全聯會一字第1060054 | K104: 省 | L104: 106/02/07 | M104: 4555 | N104: 2026-06-05 | O104: https://www.roccpa.org.tw/member_search/more?id=4617A91B-60B3-4FA0-8F7A-45CD35BAF6B5
A105: 104 | B105: 安侯建業聯合會計師事務所 | C105: KPMG 安侯建業 | D105: 黃海寧 | E105: 新竹分所 | F105: 新竹市科學園區展業一路11號 | G105: 台北市信義區信義路五段7號68樓 | H105: 新竹市科學園區展業一路11號 | I105: 100/03/14 | J105: 全聯會一字第1000094 | K105: 省 | L105: 100/03/16 | M105: 3818 | N105: 2026-06-05 | O105: https://www.roccpa.org.tw/member_search/more?id=3FCAF940-6BEF-4C52-B847-2183F92230E7
A106: 105 | B106: 安侯建業聯合會計師事務所 | C106: KPMG 安侯建業 | D106: 張字信 | E106: 台中分所 | F106: 台中市西屯區文心路二段201號7樓 | G106: 台北市信義區信義路五段7號68樓 | H106: 台中市西屯區文心路二段201號7樓 | K106: 中市 | L106: 100/08/24 | M106: 17 | N106: 2026-06-05 | O106: https://www.roccpa.org.tw/member_search/more?id=630656B7-5B7F-40AA-A55A-8766CF0C41B1
A107: 106 | B107: 安侯建業聯合會計師事務所 | C107: KPMG 安侯建業 | D107: 陳政學 | E107: 台中分所 | F107: 台中市西屯區文心路二段201號7樓 | G107: 台北市信義區信義路五段7號68樓 | H107: 台中市西屯區文心路二段201號7樓 | I107: 102/01/03 | J107: 全聯會一字第1020006 | K107: 中市 | L107: 102/01/07 | M107: 567 | N107: 2026-06-05 | O107: https://www.roccpa.org.tw/member_search/more?id=0DA555A2-C446-4B49-B41E-0E70C9543545
A108: 107 | B108: 安侯建業聯合會計師事務所 | C108: KPMG 安侯建業 | D108: 陳燕慧 | E108: 台中分所 | F108: 台中市西屯區文心路二段201號7樓 | G108: 台北市信義區信義路五段7號68樓 | H108: 台中市西屯區文心路二段201號7樓 | I108: 111/02/07 | J108: 全聯會一字第1110073 | K108: 中市 | L108: 111/02/07 | M108: 1052 | N108: 2026-06-05 | O108: https://www.roccpa.org.tw/member_search/more?id=AD563AD3-0660-4901-8E68-222B9FB9DEBA
A109: 108 | B109: 安侯建業聯合會計師事務所 | C109: KPMG 安侯建業 | D109: 蘇彥達 | E109: 台南分所 | F109: 台南市中西區民生路二段279號16樓 | G109: 台北市信義區信義路五段7號68樓 | H109: 台南市中西區民生路二段279號16樓 | I109: 107/02/01 | J109: 全聯會一字第1070073 | M109: 4622 | N109: 2026-06-05 | O109: https://www.roccpa.org.tw/member_search/more?id=8F39AA6F-1893-41E7-8B3B-4D4D589F3E8B
A110: 109 | B110: 安侯建業聯合會計師事務所 | C110: KPMG 安侯建業 | D110: 吳能吉 | E110: 高雄分所 | F110: 高雄市前金區中正四路211號12樓之6 | G110: 台北市信義區信義路五段7號68樓 | H110: 高雄市前金區中正四路211號12樓之6 | I110: 110/08/02 | J110: 全聯會一字第1100320 | K110: 高市 | L110: 110/08/02 | M110: 1080 | N110: 2026-06-05 | O110: https://www.roccpa.org.tw/member_search/more?id=3F6C967C-B170-4AC6-9C36-17B5BA76E550
A111: 110 | B111: 安侯建業聯合會計師事務所 | C111: KPMG 安侯建業 | D111: 許振隆 | E111: 高雄分所 | F111: 高雄市前金區中正四路211號12樓之6 | G111: 台北市信義區信義路五段7號68樓 | H111: 高雄市前金區中正四路211號12樓之6 | K111: 高市 | L111: 092/03/07 | M111: 518 | N111: 2026-06-05 | O111: https://www.roccpa.org.tw/member_search/more?id=3570198D-9AFD-4777-BCF0-E2128781E173
...

Sheet EY 安永
A1: 序號 | B1: 事務所名稱 | C1: 國際品牌 | D1: 會計師姓名 | E1: 所屬分所 | F1: 辦公室地址 | G1: 主事務所地址 | H1: 分事務所地址 | I1: 執業登記日期 | J1: 執業登記文號 | K1: 所屬公會 | L1: 入會日期 | M1: 會籍編號 | N1: 資料最後更新日 | O1: 明細連結
A2: 1 | B2: 安永聯合會計師事務所 | C2: EY 安永 | D2: 何淑芬 | E2: 台北總所 | F2: 台北市信義區基隆路一段333號9樓 | G2: 台北市信義區基隆路一段333號9樓 | I2: 100/07/12 | J2: 全聯會一字第1000275 | K2: 北市 | L2: 100/08/10 | M2: 3376 | N2: 2026-06-05 | O2: https://www.roccpa.org.tw/member_search/more?id=DF676DCA-9804-485F-8CB7-70C790413E6F
A3: 2 | B3: 安永聯合會計師事務所 | C3: EY 安永 | D3: 余倩如 | E3: 台北總所 | F3: 台北市信義區基隆路一段333號9樓 | G3: 台北市信義區基隆路一段333號9樓 | I3: 103/05/16 | J3: 全聯會一字第1030202 | K3: 北市 | L3: 103/06/06 | M3: 3703 | N3: 2026-06-05 | O3: https://www.roccpa.org.tw/member_search/more?id=78CAD443-130E-4860-98C4-2131EA42F484
A4: 3 | B4: 安永聯合會計師事務所 | C4: EY 安永 | D4: 傅文芳 | E4: 台北總所 | F4: 台北市信義區基隆路一段333號9樓 | G4: 台北市信義區基隆路一段333號9樓 | K4: 北市 | L4: 086/07/08 | M4: 1923 | N4: 2026-06-05 | O4: https://www.roccpa.org.tw/member_search/more?id=17DD0B8E-A574-4C6B-ACDE-CD46521679D3
A5: 4 | B5: 安永聯合會計師事務所 | C5: EY 安永 | D5: 劉榮進 | E5: 台北總所 | F5: 台北市信義區基隆路一段333號9樓 | G5: 台北市信義區基隆路一段333號9樓 | I5: 109/03/18 | J5: 全聯會ㄧ字第1090112 | K5: 北市 | L5: 109/03/18 | M5: 4235 | N5: 2026-06-05 | O5: https://www.roccpa.org.tw/member_search/more?id=F148DA0D-CCB2-49DE-A376-B64F0B34EBC6
A6: 5 | B6: 安永聯合會計師事務所 | C6: EY 安永 | D6: 吳培源 | E6: 台北總所 | F6: 台北市信義區基隆路一段333號9樓 | G6: 台北市信義區基隆路一段333號9樓 | I6: 111/06/20 | J6: 全聯會一字第1110236 | K6: 北市 | L6: 111/06/20 | M6: 4443 | N6: 2026-06-05 | O6: https://www.roccpa.org.tw/member_search/more?id=F0B94F11-6952-4AE7-9745-BF425450DBC3
A7: 6 | B7: 安永聯合會計師事務所 | C7: EY 安永 | D7: 吳雅君 | E7: 台北總所 | F7: 台北市信義區基隆路一段333號9樓 | G7: 台北市信義區基隆路一段333號9樓 | I7: 109/11/03 | J7: 全聯會一字第1090424 | K7: 北市 | L7: 109/11/03 | M7: 4281 | N7: 2026-06-05 | O7: https://www.roccpa.org.tw/member_search/more?id=E4B561F2-68AD-4975-BFE1-3D55F95E60A3
A8: 7 | B8: 安永聯合會計師事務所 | C8: EY 安永 | D8: 呂倩雯 | E8: 台北總所 | F8: 台北市信義區基隆路一段333號9樓 | G8: 台北市信義區基隆路一段333號9樓 | I8: 107/07/02 | J8: 全聯會一字第1070276 | K8: 北市 | L8: 107/07/02 | M8: 4108 | N8: 2026-06-05 | O8: https://www.roccpa.org.tw/member_search/more?id=DA1F65BC-E49F-4C17-B1A4-679868F83AFE
A9: 8 | B9: 安永聯合會計師事務所 | C9: EY 安永 | D9: 孫孝文 | E9: 台北總所 | F9: 台北市信義區基隆路一段333號9樓 | G9: 台北市信義區基隆路一段333號9樓 | I9: 110/06/25 | J9: 全聯會一字第1100262 | K9: 中市 | L9: 110/06/25 | M9: 1033 | N9: 2026-06-05 | O9: https://www.roccpa.org.tw/member_search/more?id=39D77466-2FA5-4DAF-8C75-D65300BFFC82
A10: 9 | B10: 安永聯合會計師事務所 | C10: EY 安永 | D10: 張啓晉 | E10: 台北總所 | F10: 台北市信義區基隆路一段333號9樓 | G10: 台北市信義區基隆路一段333號9樓 | I10: 115/07/01 | J10: 全聯會一字第1150000317號 | K10: 北市 | L10: 115/07/01 | M10: 4908 | N10: 2026-07-06 | O10: https://www.roccpa.org.tw/member_search/more?id=b2fe98cd058a450cb1a5544b5ca6abe9
A11: 10 | B11: 安永聯合會計師事務所 | C11: EY 安永 | D11: 張巧穎 | E11: 台北總所 | F11: 台北市信義區基隆路一段333號9樓 | G11: 台北市信義區基隆路一段333號9樓 | I11: 110/06/25 | J11: 全聯會一字第1100261 | K11: 北市 | L11: 110/06/25 | M11: 4354 | N11: 2026-06-05 | O11: https://www.roccpa.org.tw/member_search/more?id=262E6C49-4F1D-4500-AA59-BC1E6C5B8C12
A12: 11 | B12: 安永聯合會計師事務所 | C12: EY 安永 | D12: 張志銘 | E12: 台北總所 | F12: 台北市信義區基隆路一段333號9樓 | G12: 台北市信義區基隆路一段333號9樓 | K12: 北市 | L12: 091/12/16 | M12: 2525 | N12: 2026-06-05 | O12: https://www.roccpa.org.tw/member_search/more?id=6CB91D23-954D-428B-AA96-CE8D97FEECE8
A13: 12 | B13: 安永聯合會計師事務所 | C13: EY 安永 | D13: 張正道 | E13: 台北總所 | F13: 台北市信義區基隆路一段333號9樓 | G13: 台北市信義區基隆路一段333號9樓 | I13: 103/05/16 | J13: 全聯會一字第1030203 | K13: 北市 | L13: 103/06/06 | M13: 3702 | N13: 2026-06-05 | O13: https://www.roccpa.org.tw/member_search/more?id=E81E11FD-6DF8-4D32-89A2-6E4349FE0F34
A14: 13 | B14: 安永聯合會計師事務所 | C14: EY 安永 | D14: 徐榮煌 | E14: 台北總所 | F14: 台北市信義區基隆路一段333號9樓 | G14: 台北市信義區基隆路一段333號9樓 | K14: 北市 | L14: 088/10/14 | M14: 2205 | N14: 2026-06-05 | O14: https://www.roccpa.org.tw/member_search/more?id=1E8C6C56-CDA8-4B33-9F40-BF1009B96E2C
A15: 14 | B15: 安永聯合會計師事務所 | C15: EY 安永 | D15: 曾于哲 | E15: 台北總所 | F15: 台北市信義區基隆路一段333號9樓 | G15: 台北市信義區基隆路一段333號9樓 | I15: 105/09/10 | J15: 全聯會一字第1050408 | K15: 北市 | L15: 105/10/12 | M15: 3968 | N15: 2026-06-05 | O15: https://www.roccpa.org.tw/member_search/more?id=38E5AC40-C09F-4386-A779-D0BB64F63331
A16: 15 | B16: 安永聯合會計師事務所 | C16: EY 安永 | D16: 李育儒 | E16: 台北總所 | F16: 台北市信義區基隆路一段333號9樓 | G16: 台北市信義區基隆路一段333號9樓 | I16: 109/10/13 | J16: 全聯會一字第1090404 | K16: 北市 | L16: 109/10/13 | M16: 4278 | N16: 2026-06-05 | O16: https://www.roccpa.org.tw/member_search/more?id=AC5FBF1E-88B7-4E7A-A0F1-89188D4BB29F
A17: 16 | B17: 安永聯合會計師事務所 | C17: EY 安永 | D17: 林世寰 | E17: 台北總所 | F17: 台北市信義區基隆路一段333號9樓 | G17: 台北市信義區基隆路一段333號9樓 | I17: 112/06/22 | J17: 全聯會一字第1120256 | K17: 北市 | L17: 112/06/29 | M17: 4546 | N17: 2026-06-05 | O17: https://www.roccpa.org.tw/member_search/more?id=20C1B710-9337-4FAC-8C1D-253B480CC378
A18: 17 | B18: 安永聯合會計師事務所 | C18: EY 安永 | D18: 林孟賢 | E18: 台北總所 | F18: 台北市信義區基隆路一段333號9樓 | G18: 台北市信義區基隆路一段333號9樓 | I18: 113/07/15 | J18: 全聯會一字第1130000327號 | K18: 北市 | L18: 113/07/15 | M18: 4654 | N18: 2026-06-05 | O18: https://www.roccpa.org.tw/member_search/more?id=9253BE37-E344-4F3E-817F-4CDA88599380
A19: 18 | B19: 安永聯合會計師事務所 | C19: EY 安永 | D19: 林宜賢 | E19: 台北總所 | F19: 台北市信義區基隆路一段333號9樓 | G19: 台北市信義區基隆路一段333號9樓 | K19: 北市 | L19: 090/03/15 | M19: 2348 | N19: 2026-06-05 | O19: https://www.roccpa.org.tw/member_search/more?id=4A0CF9AA-4A27-4E2A-811D-59A4EBF4D0DF
A20: 19 | B20: 安永聯合會計師事務所 | C20: EY 安永 | D20: 林志仁 | E20: 台北總所 | F20: 台北市信義區基隆路一段333號9樓 | G20: 台北市信義區基隆路一段333號9樓 | I20: 111/06/20 | J20: 全聯會一字第1110234 | K20: 北市 | L20: 111/06/20 | M20: 4441 | N20: 2026-06-05 | O20: https://www.roccpa.org.tw/member_search/more?id=FC149136-F393-4AC0-8DDF-9C3806B20A0E
A21: 20 | B21: 安永聯合會計師事務所 | C21: EY 安永 | D21: 林志翔 | E21: 台北總所 | F21: 台北市信義區基隆路一段333號9樓 | G21: 台北市信義區基隆路一段333號9樓 | I21: 103/05/16 | J21: 全聯會一字第1030201 | K21: 北市 | L21: 103/06/06 | M21: 3705 | N21: 2026-06-05 | O21: https://www.roccpa.org.tw/member_search/more?id=8328EF3A-AAE7-490E-8625-870D6E74A67D
A22: 21 | B22: 安永聯合會計師事務所 | C22: EY 安永 | D22: 林秀青 | E22: 台北總所 | F22: 台北市信義區基隆路一段333號9樓 | G22: 台北市信義區基隆路一段333號9樓 | I22: 114/07/01 | J22: 全聯會一字第1140000260號 | K22: 北市 | L22: 114/07/01 | M22: 4734 | N22: 2026-06-05 | O22: https://www.roccpa.org.tw/member_search/more?id=651C85C1-EFE6-465E-A7D1-C64123A7BFCE
A23: 22 | B23: 安永聯合會計師事務所 | C23: EY 安永 | D23: 林素雯 | E23: 台北總所 | F23: 台北市信義區基隆路一段333號9樓 | G23: 台北市信義區基隆路一段333號9樓 | I23: 099/12/31 | J23: 全聯會一字第09900645 | K23: 北市 | L23: 100/01/13 | M23: 3306 | N23: 2026-06-05 | O23: https://www.roccpa.org.tw/member_search/more?id=C5B224F3-CE49-40E3-85BB-50258D495942
A24: 23 | B24: 安永聯合會計師事務所 | C24: EY 安永 | D24: 林鈺芳 | E24: 台北總所 | F24: 台北市信義區基隆路一段333號9樓 | G24: 台北市信義區基隆路一段333號9樓 | I24: 114/07/01 | J24: 全聯會一字第1140000261號 | K24: 北市 | L24: 114/07/01 | M24: 4735 | N24: 2026-06-05 | O24: https://www.roccpa.org.tw/member_search/more?id=A30FC7CD-E0EF-421F-BE1B-5F170AF8835D
A25: 24 | B25: 安永聯合會計師事務所 | C25: EY 安永 | D25: 楊弘斌 | E25: 台北總所 | F25: 台北市信義區基隆路一段333號9樓 | G25: 台北市信義區基隆路一段333號9樓 | I25: 111/06/20 | J25: 全聯會一字第1110235 | K25: 北市 | L25: 111/06/20 | M25: 4442 | N25: 2026-06-05 | O25: https://www.roccpa.org.tw/member_search/more?id=D7835F4B-583F-4EC5-BE2A-BA2B0C1543DD
A26: 25 | B26: 安永聯合會計師事務所 | C26: EY 安永 | D26: 溫珮絃 | E26: 台北總所 | F26: 台北市信義區基隆路一段333號9樓 | G26: 台北市信義區基隆路一段333號9樓 | I26: 113/07/15 | J26: 全聯會一字第1130000328號 | K26: 北市 | L26: 113/07/15 | M26: 4655 | N26: 2026-06-05 | O26: https://www.roccpa.org.tw/member_search/more?id=EAC03D03-D2E1-43BD-B153-874CD61392D7
A27: 26 | B27: 安永聯合會計師事務所 | C27: EY 安永 | D27: 王彥鈞 | E27: 台北總所 | F27: 台北市信義區基隆路一段333號9樓 | G27: 台北市信義區基隆路一段333號9樓 | K27: 北市 | L27: 091/11/27 | M27: 2508 | N27: 2026-06-05 | O27: https://www.roccpa.org.tw/member_search/more?id=424B077C-8C90-48BD-817A-1BA0D1EA4376
A28: 27 | B28: 安永聯合會計師事務所 | C28: EY 安永 | D28: 王慕凡 | E28: 台北總所 | F28: 台北市信義區基隆路一段333號9樓 | G28: 台北市信義區基隆路一段333號9樓 | I28: 101/11/08 | J28: 全聯會一字第1010402 | K28: 北市 | L28: 113/01/05 | M28: 4586 | N28: 2026-06-05 | O28: https://www.roccpa.org.tw/member_search/more?id=B14EC97F-D414-4092-B045-FF107AA1A6F1
A29: 28 | B29: 安永聯合會計師事務所 | C29: EY 安永 | D29: 王瑄瑄 | E29: 台北總所 | F29: 台北市信義區基隆路一段333號9樓 | G29: 台北市信義區基隆路一段333號9樓 | I29: 105/08/17 | J29: 全聯會一字第1050361 | K29: 北市 | L29: 105/10/12 | M29: 3965 | N29: 2026-06-05 | O29: https://www.roccpa.org.tw/member_search/more?id=DA4D0199-B910-4603-B86F-91699DC5BE2A
A30: 29 | B30: 安永聯合會計師事務所 | C30: EY 安永 | D30: 王甯寬 | E30: 台北總所 | F30: 台北市信義區基隆路一段333號9樓 | G30: 台北市信義區基隆路一段333號9樓 | I30: 114/07/01 | J30: 全聯會一字第1140000259號 | K30: 北市 | L30: 114/07/01 | M30: 4733 | N30: 2026-06-05 | O30: https://www.roccpa.org.tw/member_search/more?id=27C067B7-7EBA-499B-89DC-48EA38B0C431
A31: 30 | B31: 安永聯合會計師事務所 | C31: EY 安永 | D31: 葉柏良 | E31: 台北總所 | F31: 台北市信義區基隆路一段333號9樓 | G31: 台北市信義區基隆路一段333號9樓 | I31: 113/07/15 | J31: 全聯會一字第1130000329號 | K31: 北市 | L31: 113/07/15 | M31: 4656 | N31: 2026-06-05 | O31: https://www.roccpa.org.tw/member_search/more?id=7961944C-E8DF-48AF-A3AB-DC5DBECC7DF7
A32: 31 | B32: 安永聯合會計師事務所 | C32: EY 安永 | D32: 蔡雅萍 | E32: 台北總所 | F32: 台北市信義區基隆路一段333號9樓 | G32: 台北市信義區基隆路一段333號9樓 | I32: 103/05/16 | J32: 全聯會一字第1030199 | K32: 北市 | L32: 103/06/06 | M32: 3706 | N32: 2026-06-05 | O32: https://www.roccpa.org.tw/member_search/more?id=00A112ED-121D-4894-A56C-E7CD88466C25
A33: 32 | B33: 安永聯合會計師事務所 | C33: EY 安永 | D33: 許廷安 | E33: 台北總所 | F33: 台北市信義區基隆路一段333號9樓 | G33: 台北市信義區基隆路一段333號9樓 | I33: 111/06/20 | J33: 全聯會一字第1110233 | K33: 北市 | L33: 111/06/20 | M33: 4440 | N33: 2026-06-05 | O33: https://www.roccpa.org.tw/member_search/more?id=C75F0E87-8C11-48DA-8ECF-145C35BF54CD
A34: 33 | B34: 安永聯合會計師事務所 | C34: EY 安永 | D34: 許新民 | E34: 台北總所 | F34: 台北市信義區基隆路一段333號9樓 | G34: 台北市信義區基隆路一段333號9樓 | K34: 北市 | L34: 085/12/04 | M34: 1867 | N34: 2026-06-05 | O34: https://www.roccpa.org.tw/member_search/more?id=9ABDFCED-FC8A-4354-BC64-E1A91D2E32A7
A35: 34 | B35: 安永聯合會計師事務所 | C35: EY 安永 | D35: 謝勝安 | E35: 台北總所 | F35: 台北市信義區基隆路一段333號9樓 | G35: 台北市信義區基隆路一段333號9樓 | I35: 105/08/17 | J35: 全聯會一字第1050362 | K35: 北市 | L35: 105/10/12 | M35: 3966 | N35: 2026-06-05 | O35: https://www.roccpa.org.tw/member_search/more?id=875A59F4-8934-49B7-B88E-F70BC98545FD
A36: 35 | B36: 安永聯合會計師事務所 | C36: EY 安永 | D36: 郭紹彬 | E36: 台北總所 | F36: 台北市信義區基隆路一段333號9樓 | G36: 台北市信義區基隆路一段333號9樓 | K36: 北市 | L36: 091/10/01 | M36: 2489 | N36: 2026-06-05 | O36: https://www.roccpa.org.tw/member_search/more?id=D2935B19-212E-48B8-93AA-144265180884
A37: 36 | B37: 安永聯合會計師事務所 | C37: EY 安永 | D37: 陳人理 | E37: 台北總所 | F37: 台北市信義區基隆路一段333號9樓 | G37: 台北市信義區基隆路一段333號9樓 | I37: 115/07/01 | J37: 全聯會一字第1150000318號 | K37: 北市 | L37: 115/07/01 | M37: 4909 | N37: 2026-07-06 | O37: https://www.roccpa.org.tw/member_search/more?id=1b4536c62ba64e80b04d5ef31cf95423
A38: 37 | B38: 安永聯合會計師事務所 | C38: EY 安永 | D38: 陳人理 | E38: 台北總所 | F38: 台北市信義區基隆路一段333號9樓 | G38: 台北市信義區基隆路一段333號9樓 | I38: 115/07/01 | J38: 全聯會一字第1150000315號 | K38: 省 | L38: 115/07/01 | M38: 4906 | N38: 2026-07-06 | O38: https://www.roccpa.org.tw/member_search/more?id=4ebbf9b486b24e9a86d5d974059b153c
A39: 38 | B39: 安永聯合會計師事務所 | C39: EY 安永 | D39: 陳智忠 | E39: 台北總所 | F39: 台北市信義區基隆路一段333號9樓 | G39: 台北市信義區基隆路一段333號9樓 | I39: 104/07/09 | J39: 全聯會一字第1040223 | K39: 北市 | L39: 104/07/23 | M39: 3849 | N39: 2026-06-05 | O39: https://www.roccpa.org.tw/member_search/more?id=8CB6A26F-A861-46B3-ACE5-584197074C1F
A40: 39 | B40: 安永聯合會計師事務所 | C40: EY 安永 | D40: 陳樺 | E40: 台北總所 | F40: 台北市信義區基隆路一段333號9樓 | G40: 台北市信義區基隆路一段333號9樓 | I40: 115/07/01 | J40: 全聯會一字第1150000318號 | K40: 北市 | L40: 115/07/01 | M40: 4909 | N40: 2026-07-06 | O40: https://www.roccpa.org.tw/member_search/more?id=5f1cfd9572f3432eb72c822f0dcf9cda
A41: 40 | B41: 安永聯合會計師事務所 | C41: EY 安永 | D41: 陶旭珉 | E41: 台北總所 | F41: 台北市信義區基隆路一段333號9樓 | G41: 台北市信義區基隆路一段333號9樓 | I41: 115/07/01 | J41: 全聯會一字第1150000319號 | K41: 北市 | L41: 115/07/01 | M41: 4910 | N41: 2026-07-06 | O41: https://www.roccpa.org.tw/member_search/more?id=682cc17985154894b2ef783269a1acc3
A42: 41 | B42: 安永聯合會計師事務所 | C42: EY 安永 | D42: 馬君廷 | E42: 台北總所 | F42: 台北市信義區基隆路一段333號9樓 | G42: 台北市信義區基隆路一段333號9樓 | I42: 106/06/20 | J42: 全聯會一字第1060220 | K42: 北市 | L42: 106/07/06 | M42: 4025 | N42: 2026-06-05 | O42: https://www.roccpa.org.tw/member_search/more?id=BC299E2F-CB9E-4087-BEB4-0582A19A811F
A43: 42 | B43: 安永聯合會計師事務所 | C43: EY 安永 | D43: 馮葦祺 | E43: 台北總所 | F43: 台北市信義區基隆路一段333號9樓 | G43: 台北市信義區基隆路一段333號9樓 | I43: 115/07/01 | J43: 全聯會一字第1150000316號 | K43: 北市 | L43: 115/07/01 | M43: 4907 | N43: 2026-07-06 | O43: https://www.roccpa.org.tw/member_search/more?id=43add1c0f10e41bfa0689a77c6530368
A44: 43 | B44: 安永聯合會計師事務所 | C44: EY 安永 | D44: 黃建澤 | E44: 台北總所 | F44: 台北市信義區基隆路一段333號9樓 | G44: 台北市信義區基隆路一段333號9樓 | K44: 北市 | L44: 096/04/09 | M44: 2922 | N44: 2026-06-05 | O44: https://www.roccpa.org.tw/member_search/more?id=D452B1C3-976B-4311-8D60-13ED3B926FB9
A45: 44 | B45: 安永聯合會計師事務所 | C45: EY 安永 | D45: 林政緯 | E45: 桃園分所 | F45: 桃園市桃園區中正路1088號27樓 | G45: 台北市信義區基隆路一段333號9樓 | H45: 桃園市桃園區中正路1088號27樓 | I45: 111/06/20 | J45: 全聯會一字第1110231 | K45: 省 | L45: 111/06/20 | M45: 4888 | N45: 2026-06-05 | O45: https://www.roccpa.org.tw/member_search/more?id=652C34E2-1D04-4452-AC5D-0931AEEAE167
A46: 45 | B46: 安永聯合會計師事務所 | C46: EY 安永 | D46: 羅筱靖 | E46: 桃園分所 | F46: 桃園市桃園區中正路1088號27樓 | G46: 台北市信義區基隆路一段333號9樓 | H46: 桃園市桃園區中正路1088號27樓 | I46: 106/06/20 | J46: 全聯會一字第1060221 | K46: 省 | L46: 106/06/28 | M46: 4580 | N46: 2026-06-05 | O46: https://www.roccpa.org.tw/member_search/more?id=D2AD7395-08C3-4977-A44E-DE494274810F
A47: 46 | B47: 安永聯合會計師事務所 | C47: EY 安永 | D47: 鄭清標 | E47: 桃園分所 | F47: 桃園市桃園區中正路1088號27樓 | G47: 台北市信義區基隆路一段333號9樓 | H47: 桃園市桃園區中正路1088號27樓 | I47: 103/05/16 | J47: 全聯會一字第1030200 | K47: 省 | L47: 103/06/03 | M47: 4242 | N47: 2026-06-05 | O47: https://www.roccpa.org.tw/member_search/more?id=A211FD05-DF8D-4F21-93FC-15C45F3FA782
A48: 47 | B48: 安永聯合會計師事務所 | C48: EY 安永 | D48: 陳國帥 | E48: 桃園分所 | F48: 桃園市桃園區中正路1088號27樓 | G48: 台北市信義區基隆路一段333號9樓 | H48: 桃園市桃園區中正路1088號27樓 | I48: 110/06/25 | J48: 全聯會一字第1100260 | K48: 省 | L48: 110/06/25 | M48: 4814 | N48: 2026-06-05 | O48: https://www.roccpa.org.tw/member_search/more?id=E30E7C71-4AF7-44E1-87A8-76269F3A8056
A49: 48 | B49: 安永聯合會計師事務所 | C49: EY 安永 | D49: 林楷 | E49: 新竹分所 | F49: 新竹市科學工業園區新竹市力行一路1號E-3 | G49: 台北市信義區基隆路一段333號9樓 | H49: 新竹市科學工業園區新竹市力行一路1號E-3 | I49: 114/07/01 | J49: 全聯會一字第1140000258號 | K49: 省 | L49: 114/07/01 | M49: 5136 | N49: 2026-06-05 | O49: https://www.roccpa.org.tw/member_search/more?id=81E13053-1C89-44B8-9522-5461C0A2E72C
A50: 49 | B50: 安永聯合會計師事務所 | C50: EY 安永 | D50: 楊雨霓 | E50: 新竹分所 | F50: 新竹市科學工業園區新竹市力行一路1號E-3 | G50: 台北市信義區基隆路一段333號9樓 | H50: 新竹市科學工業園區新竹市力行一路1號E-3 | I50: 109/10/13 | J50: 全聯會一字第1090403 | K50: 省 | L50: 109/10/13 | M50: 4768 | N50: 2026-06-05 | O50: https://www.roccpa.org.tw/member_search/more?id=9226AAFD-C744-4881-95F7-944B90EBB756
A51: 50 | B51: 安永聯合會計師事務所 | C51: EY 安永 | D51: 胡慎緁 | E51: 新竹分所 | F51: 新竹市科學工業園區新竹市力行一路1號E-3 | G51: 台北市信義區基隆路一段333號9樓 | H51: 新竹市科學工業園區新竹市力行一路1號E-3 | I51: 111/06/20 | J51: 全聯會一字第1110232 | K51: 省 | L51: 111/06/20 | M51: 4889 | N51: 2026-06-05 | O51: https://www.roccpa.org.tw/member_search/more?id=195D9517-B98A-49CB-BEB0-0EAAD70AFEE6
A52: 51 | B52: 安永聯合會計師事務所 | C52: EY 安永 | D52: 邱琬茹 | E52: 新竹分所 | F52: 新竹市科學工業園區新竹市力行一路1號E-3 | G52: 台北市信義區基隆路一段333號9樓 | H52: 新竹市科學工業園區新竹市力行一路1號E-3 | I52: 104/07/09 | J52: 全聯會一字第1040222 | K52: 省 | L52: 104/07/23 | M52: 4402 | N52: 2026-06-05 | O52: https://www.roccpa.org.tw/member_search/more?id=329E5636-718B-4F6E-AFDF-14AA2F891EFA
A53: 52 | B53: 安永聯合會計師事務所 | C53: EY 安永 | D53: 黃敏如 | E53: 新竹分所 | F53: 新竹市科學工業園區新竹市力行一路1號E-3 | G53: 台北市信義區基隆路一段333號9樓 | H53: 新竹市科學工業園區新竹市力行一路1號E-3 | I53: 112/06/29 | J53: 全聯會一字第1120255 | K53: 省 | L53: 112/06/29 | M53: 4982 | N53: 2026-06-05 | O53: https://www.roccpa.org.tw/member_search/more?id=7F88B59C-D293-4DEB-91B3-AA28D1BC0CCB
A54: 53 | B54: 安永聯合會計師事務所 | C54: EY 安永 | D54: 柯雅婷 | E54: 台中分所 | F54: 台中市西屯區市政北七路186號26樓 | G54: 台北市信義區基隆路一段333號9樓 | H54: 台中市西屯區市政北七路186號26樓 | I54: 114/07/01 | J54: 全聯會一字第1140000262號 | K54: 中市 | L54: 114/07/01 | M54: 1148 | N54: 2026-06-05 | O54: https://www.roccpa.org.tw/member_search/more?id=419B9E59-D184-4673-8BFF-F9FE261B07C6
A55: 54 | B55: 安永聯合會計師事務所 | C55: EY 安永 | D55: 羅文振 | E55: 台中分所 | F55: 台中市西屯區市政北七路186號26樓 | G55: 台北市信義區基隆路一段333號9樓 | H55: 台中市西屯區市政北七路186號26樓 | I55: 111/06/20 | J55: 全聯會一字第1110237 | K55: 中市 | L55: 111/6/20 | M55: 1058 | N55: 2026-06-05 | O55: https://www.roccpa.org.tw/member_search/more?id=F8AFB11A-E868-4AB0-8310-1AAF67A0CE31
A56: 55 | B56: 安永聯合會計師事務所 | C56: EY 安永 | D56: 賴書晨 | E56: 台中分所 | F56: 台中市西屯區市政北七路186號26樓 | G56: 台北市信義區基隆路一段333號9樓 | H56: 台中市西屯區市政北七路186號26樓 | I56: 114/07/01 | J56: 全聯會一字第1140000263號 | K56: 中市 | L56: 114/07/01 | M56: 1149 | N56: 2026-06-05 | O56: https://www.roccpa.org.tw/member_search/more?id=0B57C455-1A61-42C1-A23C-7F109200E3DB
... A63: 62 | B63: 安永聯合會計師事務所 | C63: EY 安永 | D63: 胡子仁 | E63: 台南分所 | F63: 台南市中西區永福路一段189號11樓 | G63: 台北市信義區基隆路一段333號9樓 | H63: 台南市中西區永福路一段189號11樓 | I63: 101/08/14 | J63: 全聯會一字第1010273 | K63: 省 | L63: 101/09/03 | M63: 4007 | N63: 2026-06-05 | O63: https://www.roccpa.org.tw/member_search/more?id=13FF5FAD-7731-4DEB-A38A-A99E34DF28D7
A64: 63 | B64: 安永聯合會計師事務所 | C64: EY 安永 | D64: 吳文賓 | E64: 高雄分所 | F64: 高雄市新興區中正三路2號17樓 | G64: 台北市信義區基隆路一段333號9樓 | H64: 高雄市新興區中正三路2號17樓 | K64: 高市 | L64: 105/09/20 | M64: 1013 | N64: 2026-06-05 | O64: https://www.roccpa.org.tw/member_search/more?id=EAC26173-A603-428D-B966-743CC01ED09C
A65: 64 | B65: 安永聯合會計師事務所 | C65: EY 安永 | D65: 李芳文 | E65: 高雄分所 | F65: 高雄市新興區中正三路2號17樓 | G65: 台北市信義區基隆路一段333號9樓 | H65: 高雄市新興區中正三路2號17樓 | I65: 101/08/14 | J65: 全聯會一字第1010272 | K65: 高市 | L65: 101/09/03 | M65: 819 | N65: 2026-06-05 | O65: https://www.roccpa.org.tw/member_search/more?id=28677B91-A44C-4BB9-92F6-9677670A9796
A66: 65 | B66: 安永聯合會計師事務所 | C66: EY 安永 | D66: 洪福讚 | E66: 高雄分所 | F66: 高雄市新興區中正三路2號17樓 | G66: 台北市信義區基隆路一段333號9樓 | H66: 高雄市新興區中正三路2號17樓 | I66: 115/07/01 | J66: 全聯會一字第1150000320號 | K66: 高市 | L66: 115/07/01 | M66: 1177 | N66: 2026-07-06 | O66: https://www.roccpa.org.tw/member_search/more?id=354c96a547214dacb6935b7662bb48e5
A67: 66 | B67: 安永聯合會計師事務所 | C67: EY 安永 | D67: 陳政初 | E67: 高雄分所 | F67: 高雄市新興區中正三路2號17樓 | G67: 台北市信義區基隆路一段333號9樓 | H67: 高雄市新興區中正三路2號17樓 | K67: 高市 | L67: 088/11/25 | M67: 437 | N67: 2026-06-05 | O67: https://www.roccpa.org.tw/member_search/more?id=57FE5C7F-98FA-40F5-B488-E6AA0A3C4E7A
